ui_key,widget_key,language_key,font_name_id,font_size_id
Node_coinnumber.csb,bonus_number,,2,n53
Node_diamond.csb,Text_1,,1,53
Node_lifenumber.csb,bonus_lifenumber,,2,n53
card_fb_login.csb,Button,,1,none
...,text_btn_login,login,1,40
...,text_login,first_login_card,1,70
...,x,,2,n40
...,number,,2,n35
card_feedback.csb,Button,,1,none
...,Text_feedback,Text_feedback,1,70
...,Text_opinion,Text_opinion,1,40
card_firstchargebonus.csb,Button,,1,none
...,Text_feedback,btn_1stcharge,1,40
...,Text_opinion,text_1stcharge,1,70
card_freediamonds.csb,Text_1,text_revival_diamonds,1,35
card_hall.csb,Text_num_world,,2,n60
...,Text_world,Text_world,1,fb_login_ru_connect
...,Text_world_tile,Text_world_tile,1,fb_login_ru_connect
...,Text_you_tile,Text_world_tile,1,fb_login_ru_connect
...,Text_num_you,,2,n60
...,Text_you,Text_you,1,fb_login_ru_connect
...,Button_challage,Text_world_tile,1,fb_login_ru_connect
...,Button_challenge_view,,1,70
...,Text_1,Text_view,1,70
...,Text_x,,2,n70
...,Text_num_cost,,2,n75
...,Text_challenge,challenge,1,70
...,Text_levelrequired,Text_levelrequired,1,60
...,Text_num_level,,2,n60
...,Text_level,Text_level,1,60
...,Text_you_waiting,Text_you_waiting,1,60
...,Text_home_congratulations,Text_home_congratulations,1,60
...,Text_you_unlocked,Text_you_unlocked,1,53
...,Text_home_howfast,Text_home_howfast,1,60
...,Text_you_testinthehall,Text_you_testinthehall,1,60
...,Text_comingsoon,Text_comingsoon,1,60
...,Text_rank_hall,BEGINNER,1,40
...,Text_num_player,,2,n20
...,Text_rank,BEGINNER,1,40
...,Text_numplayer,,2,n20
card_locked_levelrequired.csb,Text_songname_locked,,1,70
...,Text_composer_locked,,1,28
...,Text_stage_num,,2,n30
...,Text_songname_unlock,,1,70
...,Button_Play,,1,none
...,Text_1,Play,1,40
...,Text_required,Text_level_required,1,30
...,Text_num_level,,2,n22
...,Text_level,Text_level,1,40
...,Button_rank_first,,2,none
...,Button_rank,,2,none
...,Text_rank_num_first,,2,n22
...,Text_rank_num,,2,n22
...,Text_2,chongji_listtip,1,30
...,Text_update,updateversion,1,30
card_locked_pay.csb,Button_pay,,1,none
...,Text_play,Play,1,40
...,Text_num_pay,,2,n40
...,Text_x,,2,n40
...,Text_songname_locked,,1,70
...,Text_songname_unlock,,1,70
...,Text_composer_locked,,1,28
...,Text_stage_num,,2,n30
...,Text_origin,,2,n75
...,Text_x_o,,2,n45
...,Text_50off,,1,30
...,Text_get,vip_Entrance_button2,1,40
...,Button_rank_first,,2,none
...,Button_rank,,2,none
...,Text_rank_num_first,,2,n22
...,Text_rank_num,,2,n22
...,Text_challenge,challenge,1,40
...,Text_required,Text_level_required,1,30
card_locked_pay_diamond.csb,Button_play,,1,none
...,Text_play,Play,1,40
...,Text_free,text_video,1,40
...,Text_come,musiccard_wait,1,35
...,Text_x,,2,n40
...,Text_num_pay,,2,n40
...,Text_songname_locked,,1,70
...,Text_songname_unlock,,1,70
...,Text_composer_locked,,1,28
...,Text_stage_num,,2,n30
...,Text_origin,,2,n75
...,Text_x_o,,2,n45
...,Text_50off,,1,30
...,text_video,text_video,1,40
...,Text_get,vip_Entrance_button2,1,40
...,Text_rank_num,,2,n22
...,Text_rank_num_first,,2,n22
...,Button_rank,,2,none
...,Button_rank_first,,2,none
...,Text_xmas_locked,music_xmas_overdue,1,30
...,Text_xmas_unlock,music_xmas_unlock,1,40
...,Text_challenge,challenge,1,40
card_more_to_expect.csb,Text_shadow_more_to_expect,more_song,1,40
...,Text_more_to_expect,more_song,1,40
card_more_to_expect_hall.csb,Text_shadow_more_to_expect_hall,more_song,1,40
...,Text_more_to_expect_hall,more_song,1,40
card_notice.csb,Button,,1,none
...,Text_send,,1,70
...,Text_content,,1,40
card_playmusic.csb,Button,,1,none
...,Text_play,Play,1,40
...,Text_songname_unlock,,1,70
...,Text_composer_locked,,1,28
...,Text_stage_num,,2,n30
...,Text_rank_num,,2,n22
...,Text_rank_num_first,,2,n22
...,Button_rank,,2,none
...,Button_rank_first,,2,none
...,Text_2,chongji_listtip,1,30
...,Text_remix_num,,,n30
card_rank.csb,Pianist Leaderboard,leaderboard,1,70
card_reward.csb,Button,,1,none
...,Text_recieve,Text_recieve,1,40
...,Text_content,Text_content,1,70
...,x,,2,n40
...,num,,2,n35
card_video.csb,Text_content_locked,videodiamond_card,1,70
...,Text_content_unlock,videodiamond_card,1,70
...,x,,2,n45
...,num,,2,n80
...,Text_required,video_button2,1,40
dialog_logout.csb,logout_notification,logout_notification,1,setting_fb_login
...,logout_notification_text,logout_notification_text,1,40
...,Button_loggingagain,,1,none
...,logout_notification_rightbtn,logout_notification_rightbtn,1,70
...,Button_cancel,,1,none
...,logout_notification_leftbtn,logout_notification_leftbtn,1,70
dialog_invite_friend.csb,Invite_Friend,title_invite,1,60
...,Button_close,,1,none
...,Text_checkall,button_select,1,30
...,Button_invite,,1,none
...,Text_1,button_invite,1,75
...,Text_diamond,text_invite_reward2,1,30
...,no_network,no_network,1,40
...,friends_fail,friends_fail,1,40
...,no_authorize,no_authorize,1,40
...,login,login,1,75
dialog_rank_invite.csb,Text_16,text_receive_rewards,1,40
...,Text_congratulation,title_receive_rewards,1,60
...,Text_diamond_num,,2,n40
...,Button_receive,,1,none
...,receive,button_receive_rewards,1,70
...,Button_close,,1,none
Node_rank_invite_fiend.csb,Text_friendname,,3,35
Ly_rank_singl_invite.csb,Text_1,text_invite_reward2,1,40
...,Button_invite,,1,none
...,Text_invite,button_invite,1,45
homepageNode.csb,songname_shadow,,1,60
...,songname,,1,60
...,button_play,,1,none
...,play_shadow,Play,1,60
...,play,Play,1,60
Item_rank_invite.csb,invite_index,invite_index,1,40
...,btn_go,,1,none
Item_rank_total_card_no1.csb,Text_1,,3,rank_playername
...,Text_1_0,,2,n40
...,text_crown,,2,n40
...,text_star,,2,n40
Item_rank_total_card_no2.csb,name,,3,rank_playername
...,lv,,2,n35
...,Text_1,,2,n70
...,Text_2,,2,n70
Item_rank_total_card_no3.csb,name,,3,rank_playername
...,lv,,2,n35
...,Text_1,,2,n70
...,Text_2,,2,n70
Item_rank_total_card_no4.csb,name,,3,rank_playername
...,lv,,2,n35
...,Text_6,,2,n70
...,Text_7,,2,n70
...,text_rank,,2,n70
Ly_rank_total.csb,btn_social,,1,none
...,btn_back,,1,none
...,leaderboard_shadow,leaderboard,1,53
...,leaderboard,leaderboard,1,53
Node_btn_free_timecount.csb,Button_buy_timecount,,1,none
...,Text_time,,1,40
Node_btn_free_video.csb,Button_buy4,,1,none
...,Text_get,text_video,1,40
Node_btn_go.csb,Button_buy4,text_revival_button,1,40
Node_btn_playvideo.csb,Button_buy4,,1,none
...,Text_free,,1,40
Node_btn_video.csb,Button_buy4,,1,none
Node_buttonback.csb,button_back,,1,none
Node_choselanguage.csb,Text_language,english,3,40
Node_done.csb,button_done,,1,none
...,text_done,language_done,1,btn_fr
Node_facebook.csb,text_facebook,text_facebook_Setting,1,40
Node_fb_login_homepage.csb,button_fb,,1,none
Node_fb_login_setting.csb,text_connect,login_card2,1,setting_fb_login
...,text_frist_login,login_diamonds,1,fb_login_ru_connect
...,number,,2,n40
...,x,,2,n20
Node_fb_login_setting_diamond.csb,text_get,1st_login_diamond,1,setting_fb_get
...,number,,2,n40
...,x,,2,n20
Node_fb_logout_setting.csb,text,logout,1,40
Node_feedback.csb,text_feedback_Setting,text_feedback_Setting,1,40
Node_invite.csb,Button,,1,none
...,Text_recieve,Invite,1,40
...,Text_content,invite_friends,1,40
Node_invitefriends.csb,Text_invitefriends_Setting,Text_invitefriends_Setting,1,40
Node_language.csb,text_language_Setting,text_language_Setting,1,40
...,english,english,1,40
Node_message.csb,button_message,,1,none
Node_rank_linkfailure.csb,toast_connect_fail,toast_connect_fail,1,53
...,Button_retry,,1,none
...,link_retry,link_retry,1,70
Node_rank_player.csb,no4_num,,2,n30
...,num_crown,,2,n30
...,num_star,,2,n30
Node_rank_total.csb,bnt_back,,1,none
...,leaderboard_shadow,,1,53
...,leaderboard,,1,53
Node_rate.csb,taxt_rate,taxt_rate,1,40
Node_sound.csb,text_sound_Setting,text_sound_Setting,1,40
...,text_on,ON,1,40
Node_soundquality.csb,text_soundquality,Auto sound quality control,1,40
...,text_On,,1,40
Node_thanks.csb,text_thanks,,1,40
Node_tiles.csb,text_tiles_Setting,text_tiles_Setting,1,40
...,text_number,,2,n40
...,text_number_new,,2,n40
...,Text_new,text_newversion,1,45
Node_twitter.csb,text_twitter,,1,40
Node_wechat.csb,text_wechat,,1,40
Node_weibo.csb,text_weibo,,1,40
Node_hallunlock_dialog.csb,title_shadow,,1,100
...,title,,1,100
...,Button_dubble_notreally,Text_popup2,1,70
...,Button_dubble_challenge_0,Text_challenge,1,70
...,Button_single_challenge,Text_challenge,1,70
...,Text_world,Text_world,1,70
...,Text_num_world,,1,100
...,Text_world_tile,Text_world_tile,1,70
...,Text_yourbest,Text_popup1,1,70
Node_levelup_btn_free_video_yellow,Text_get_yellow,double_reward_new,1,40
Node_levelup_dialog.csb,title_shadow,Level Upgrade,1,60
...,title,Level Upgrade,1,60
...,text-level,,2,100
...,text_life,New music unlock,1,70
...,text_life_class,New music unlock,1,70
...,content1,Upgrade Rewards,1,30
...,content1_class,Upgrade Rewards,1,30
...,text_life_class_0,class_unlock_upgrade,1,70
...,Text_1,New music unlock,1,35
...,Text_2,,1,30
...,Text_3,,1,30
...,Text_4,,1,30
...,Text_get_yellow,double_reward_new,1,40
...,x,,2,n70
...,20,,2,n75
...,Button_receive,Receive Awards,1,70
Node_singlerank_dialog.csb,title_shadow,,1,100
...,title,,1,100
...,text_life,single_no1_text,1,70
...,Button_receive,,1,none
...,single_no1_view,single_no1_view,1,70
...,Button_share,,1,none
...,single_no1_share,single_no1_share,1,70
...,btn_close_6,,1,none
Node_littlestar.csb,Text_music_name,Text_music_name,1,70
...,button_play,,1,none
...,Text_play_shadow,Text_play,1,100
...,Text_play,Text_play,1,100
...,loading_numbershadow,,2,n80
...,loading_number,,2,n80
...,title_shadow,title,1,45
...,title,title,1,45
...,Text_headphone,Text_headphone,1,45
...,text_computer,text_computer,1,45
...,Text_3,login_qq,1,45
...,Text_2,login_wechat,1,45
...,Text_1,login_visitor_firstplay,1,53
Node_littlestar2.csb,text_name,Text_music_name,1,70
...,button_play,,1,none
...,Text_play_shadow,Text_play,1,100
...,Text_play,Text_play,1,100
...,title_shadow,title,1,45
...,title,title,1,45
...,Text_headphone,Text_headphone,1,35
...,Text_2,login_visitor_firstplay,1,53
...,Text_1,login_wechat,1,45
...,Text_3,login_qq,1,45
Node_opening_text2014.csb,text_caption1,text_caption1,1,45
Node_opening_textdream.csb,text_caption5,text_caption5,1,45
Node_opening_textfullfill.csb,text_caption4,text_caption4,1,45
Node_opening_texticon.csb,text_caption2,text_caption2,1,45
Node_opening_textnumber.csb,text_caption3,text_caption3,1,45
loading.csb,login_sync,login_sync,1,40
Node_share_contents.csb,share_score,,2,n100
...,share_tile,sharepic_title_tile,1,70
...,share_text_piano,game_name_piano,1,100
...,share_text_tiles,game_name_tile,1,100
...,share_2,,2,100
...,share_challeng,sharepic_title_challenge,1,60
...,share_amazing_shadow,sharepic_title_amazing,1,100
...,share_amazing,sharepic_title_amazing,1,100
...,share_my_shadow,sharepic_title_speed,1,53
...,share_my,sharepic_title_speed,1,53
...,text_press,sharepic_wechat_qrcode,1,20
...,share_gamename_4,sharepic_app_name,1,60
Node_sharecd_content.csb,Button_facebook,,1,none
...,Text_facebook,,1,60
...,Button_massage,,1,none
...,Text_massage,,1,60
...,Button_twitter,,1,none
...,Text_twitter,,1,60
...,Button_more,,1,none
...,Text_more,more,1,60
...,cd_share_button,,1,none
...,Button_close_share,,1,none
...,Text_songname_shadow,,1,60
...,Text_songname,,1,60
...,Text_createalbum_shadow,cd_float_desc,1,70
...,Text_createalbum,cd_float_desc,1,70
...,Text_changecover_shadow,,1,40
...,Text_changecover,,1,40
dialog_adwall.csb,title_adwall,title_adwall,1,60
...,text_adwall3,text_adwall3,1,40
...,x,,2,n45
...,num_diamond,,2,n80
...,Button,btn_adwall2,1,70
dialog_continue.csb,Text_1,text_revival,1,60
...,Text_continue,text_revival,1,60
...,Text_3,,1,40
...,Button_1,Cancel,1,70
...,Button_2,,1,none
...,Text_5,,2,n45
...,Text_6,,2,n75
...,Text_2,text_video,1,70
...,text_revival,text_done,1,40
...,text_time,,2,n100
...,Text_7,text_revival_diamonds,1,70
dialog_diamond_morevideo.csb,Text_1,,1,60
...,Text_congratulation,claim_title,1,60
...,Text_16,text_getdiamond,1,fb_login_ru_get
...,Text_welcome,claim_text,1,40
...,Button_close,,1,none
...,Text_4,,2,n40
...,Button_turnon,,1,none
...,free,text_video,1,70
...,claim,text_video,1,70
...,x,,2,n45
...,num_diamond,,2,n45
...,Text_diamond_times,videodiamond_pop,1,53
...,Text_times_num,,2,n60
...,Text_get,videodiamond_card,1,n45
dialog_exit_game.csb,Text_title_exit,Text_title_exit,1,60
...,Text_wanttoquit,Text_wanttoquit,1,40
...,Button_playon,Button_playon,1,70
...,Button_quit,Button_quit,1,70
dialog_failtopay.csb,Text_title_fail,fail,1,60
...,Text_purchasefailed,Text_purchasefailed,1,40
...,Button_ok,Confirm_btn,1,70
...,pay_budan_title,pay_budan_title,1,60
...,pay_budan,pay_budan,1,40
...,Button_1,Confirm_btn,1,70
dialog_fail_vip.csb,Text_title_fail,fail,1,60
...,Text_purchasefailed,Text_purchasefailed,1,40
...,Button_ok,,1,70
dialog_fb_login.csb,text_title,result_login_title,1,60
...,text_content,result_login_btn,1,40
...,button_close,,1,none
...,button_connect,,1,none
...,text_btn_connect,login,1,fb_login_ru_connect
...,text_get,1st_login_diamond,1,fb_login_ru_get
...,x,,2,n20
...,number,,2,n40
dialog_fb_login_homepage.csb,text_title,save,1,60
...,text_content,login_save2,1,40
...,button_close,,1,none
...,x1,,2,n22
...,num_diamond1,,2,n40
...,apologize,apologize,1,30
dialog_level.csb,Button_close,,1,none
...,Text_rewards,Upgrade Rewards,1,70
...,x,,2,n45
...,num,,2,n75
...,Text_songname1,,1,freediamond_ru
...,Text_songname2,,1,freediamond_ru
...,Text_songname3,,1,freediamond_ru
...,/,,2,n30
...,num_have,,2,n40
...,num_max,,2,n40
...,num_level,,2,n70
...,Text_1,,2,n122
...,Text_max,,2,n53
...,btn_close,,1,none
...,text1_maxlevel,text1_maxlevel,1,btn_fr
...,text2_maxlevel,text2_maxlevel,1,freediamond_ru
dialog_No1.csb,Text_1,,1,60
...,Text_2,,1,40
...,Button_1,,1,70
...,Button_2,,1,70
dialog_rateusfive.csb,Text_title_enjoy,Text_title_enjoy,1,60
...,Text_rateusfive_nostar,Text_rateusfive_nostar,1,40
...,Text_rateusfive_withstar,Text_rateusfive_withstar,1,40
...,Button_rate,Button_rate,1,freediamond_ru
...,Button_notreally,Button_notreally,1,freediamond_ru
dialog_remind.csb,Text_title_remind,,1,60
...,Text_turnon,,1,40
...,Button_turnon,,1,none
...,Button_cancel,,1,none
...,Button_close,,1,none
...,Text_dont,,1,40
dialog_revival.csb,Text_1,,1,60
...,Text_2,,1,40
...,Button_1,,1,none
...,Button_1_0,,1,70
...,Button_2,,1,70
dialog_share.csb,Button_close,,1,none
...,Text_title_share,share_title,1,60
...,Text_invitefriends,,1,40
...,Button_facebook,,1,none
...,Text_facebook,,1,60
...,Button_massage,,1,none
...,Text_massage,,1,60
...,Button_more,,1,none
...,Text_more,more,1,60
dialog_sharefailed.csb,Text_title_fail,,1,60
...,Text_sharefailed,,1,40
...,Button_ok,,1,70
dialog_sharesuccess.csb,Text_title_success,success,1,60
...,Text_sharesuccess,share_suc,1,40
...,Button_ok,,1,70
dialog_shop_coin.csb,title,Get More Coins,1,60
...,Button_close,,1,none
...,num_coin1,,2,n45
...,x1,,2,n30
...,Button_buy1,,1,none
...,num_purchase1,,2,n75
...,num_coin2,,2,n45
...,x2,,2,n30
...,Button_buy2,,1,none
...,num_purchase2,,2,n75
...,num_coin3,,2,n45
...,x3,,2,n30
...,Button_buy3,,1,none
...,num_purchase3,,2,n75
...,num_coin,,2,n40
...,Text_network,,1,40
...,Text_check,,1,40
...,Text_service,no_gp,1,40
dialog_shop_coin_diamond.csb,title,Get More Coins,1,60
...,Button_close,,1,none
...,num_diamond,,2,n40
...,num_diamond1,,2,n45
...,x1,,2,n30
...,Button_buy1,,1,none
...,x_purchase1,,2,n45
...,num_purchase1,,2,n75
...,num_diamond2,,2,n45
...,x2,,2,n30
...,Button_buy2,,1,none
...,x_purchase2,,2,n45
...,num_purchase2,,2,n75
...,num_diamond3,,2,n45
...,x3,,2,n30
...,Button_buy3,,1,none
...,x_purchase3,,2,n45
...,num_purchase3,,2,n75
dialog_shop_diamond.csb,Text_1,Get More Diamonds,1,60
...,Text_activity,diamond_sale,1,60
...,Text_activity_shadow,diamond_sale,1,60
...,Text_double_all_shadow,text_diawindow,1,60
...,Text_double_all,text_diawindow,1,60
...,Text_double_diamonds_right_shadow,,2,60
...,Text_double_diamonds_right,,2,60
...,Text_double_diamonds_left_shadow,,2,60
...,Text_double_diamonds_left,,2,60
...,Text_bonus,left_diawindow,1,30
...,Button_1,,1,none
...,num_diamond,,2,n40
...,num_diamond1,,2,n45
...,x1,,2,n30
...,Button_buy1,,1,none
...,num_purchase1,,2,n75
...,num_diamond2,,2,n45
...,x2,,2,n30
...,Button_buy2,,1,none
...,num_purchase2,,2,n75
...,num_diamond3,,2,n45
...,x3,,2,n30
...,Button_buy3,,1,none
...,num_purchase3,,2,n75
...,Text_11,,1,40
...,Text_15,,1,40
...,Text_17,,1,40
...,text_num_diamond,,2,n75
...,Text_x,,2,n53
...,Text_login,home_login_btn,1,45
...,Diamonds_sale,Diamonds_sale,1,60
dialog_shop_diamond_video.csb,Text_1,Get More Diamonds,1,60
...,Text_activity,diamond_sale,1,60
...,Text_activity_shadow,diamond_sale,1,60
...,Text_double_all_shadow,text_diawindow,1,60
...,Text_double_all,text_diawindow,1,60
...,Text_double_diamonds_right_shadow,,2,60
...,Text_double_diamonds_right,,2,60
...,Text_double_diamonds_left_shadow,,2,60
...,Text_double_diamonds_left,,2,60
...,Text_bonus,left_diawindow,1,30
...,Button_1,,1,none
...,num_diamond,,2,n40
...,num_diamond4,,2,n45
...,x4,,2,n30
...,num_diamond1,,2,n45
...,x1,,2,n30
...,Button_buy1,,1,none
...,num_purchase1,,2,n75
...,num_diamond2,,2,n45
...,x2,,2,n30
...,Button_buy2,,1,none
...,num_purchase2,,2,n75
...,num_diamond3,,2,n45
...,x3,,2,n30
...,Button_buy3,,1,none
...,num_purchase3,,2,n75
...,text_num_diamond,,2,n75
...,Text_x,,2,n53
...,Text_login,home_login_btn,1,45
...,Diamonds_sale,Diamonds_sale,1,60
dialog_shop_energy.csb,Text_title,Energy Supply,1,60
...,Button_close,,1,none
...,text_timebg_energyshop,Time to next life,1,22
...,text_time_energyshop,,1,22
...,num_lifeenergy,,2,n40
...,num_line1,,2,n45
...,x1,,2,n30
...,Button_buy1,,1,none
...,x2,,2,n45
...,num_1,,2,n75
...,num_line2,,2,n45
...,x3,,2,n30
...,Button_buy2,,1,none
...,x4,,2,n45
...,num_2,,2,n75
...,num_line3,,2,n45
...,x5,,2,n30
...,Button_buy3,,1,none
...,x6,,2,n45
...,num_3,,2,n75
dialog_shop_energy_invitefriends.csb,Text_title,Energy Supply,1,60
...,Button_close,,1,none
...,text_timebg_energyshop,Time to next life,1,22
...,text_time_energyshop,,1,22
...,num_lifeenergy,,2,n40
...,num_line1_0,,2,n45
...,x_0,,2,n30
...,num_line1,,2,n45
...,Button_buy1,,1,none
...,x_1,,2,n45
...,num_1,,2,n75
...,x_0_1,,2,n30
...,num_line2,,2,n45
...,x_0_2,,2,n30
...,Button_buy2,,1,none
...,x_1_1,,2,n45
...,num_2,,2,n75
...,num_line3,,2,n45
...,x_0_3,,2,n30
...,Button_buy3,,1,none
...,x_1_2,,2,n45
...,num_3,,2,n75
dialog_unlock.csb,Text_title,,1,60
...,Text,,1,40
...,x,,2,n45
...,num,,2,n80
...,Button_unlock,,1,70
...,Button_cancel,,1,70
Node_banner_firstcharge.csb,Text_bonus,left_onwindow,1,30
...,Button_close,,1,none
...,shadow_text_double,mid_onwindow,1,60
...,Text_double,mid_onwindow,1,60
Node_btn_fb_dialog2.csb,button_connect,,1,none
...,text_btn_connect,go_login,1,53
Node_btn_free_disable.csb,Button_buy4,,1,none
...,Text_available,video_button2,1,40
Node_btn_get.csb,Button_buy4,,1,none
...,Text_1,btn_onwindow,1,40
Node_btn_go.csb,Button_buy4,text_revival_button,1,40
Node_firstcharge_bigdiamond.csb,x_shadow,,2,n60
...,x,,2,n60
...,number_shadow,,2,n70
...,number,,2,n70
Node_shelter.csb,text_content,no_gp,1,40
...,no_gp_cn1,no_gp_cn1,1,40
...,no_gp_cn2,no_gp_cn2,1,40
bonus_time.csb,Text_bonus_time_shadow,Text_bonus_time,1,100
...,Text_bonus_time,Text_bonus_time,1,100
endless_rush.csb,Text_endless_rush_2,Text_endless_rush,1,100
...,Text_endless_rush_1,Text_endless_rush,1,100
...,Text_endless_rush_shadow,Text_endless_rush,1,100
...,Text_endless_rush,Text_endless_rush,1,100
aniHallNode_new.csb,text_hall,text_hall,1,30
...,text_hall_0,text_hall,1,30
aniClassNode.csb,text_class,class,1,30
...,text_class_0,class,1,30
aniHomeNode_new.csb,text_home,text_home,1,30
...,text_home_0,text_home,1,30
aniMeNode.csb,text_me,,1,30
...,text_me_0,,1,30
aniMusicNode_new.csb,text_music,text_music,1,30
...,text_music_0,text_music,1,30
aniSettingNode_new.csb,text_setting,text_setting,1,30
...,text_settingwhite,text_setting,1,30
aniStoreNode_new.csb,text_store,newshop_button,1,30
...,text_store_0,newshop_button,1,30
bottomtab_new.csb,btn_home,,1,none
...,btn_music,,1,none
...,btn_hall,,1,none
...,btn_me,,1,none
coin.csb,text_coin,,2,n53
...,Button_coin,,1,none
diamond.csb,text_diamond,,2,n53
...,Button_diamond,,1,none
level.csb,textlevel_8,,2,n70
...,Button_level,,1,none
life.csb,text_life_num,,2,n53
...,Text_recover_time,,2,n22
...,Button_life,,1,none
btn_backtomusiclist.csb,Button_backtomusiclist,Back_music,1,70
levelup_unlockmusic.csb,Text_newmusicunlock_shadow,New music unlock,1,80
...,Text_newmusicunlock,New music unlock,1,80
Node_rankup_btn.csb,Button_1,,1,none
...,single_no1_share,single_no1_share,1,70
...,Button_2,,1,none
...,single_no1_view,single_no1_view,1,70
Node_rankup_panel1.csb,num_crown_me,,2,n40
...,num_star_me,,2,n40
...,name_me,,3,35
...,Text_10,,2,n53
Node_rankup_panel2.csb,num_crown_friend,,2,n40
...,num_star_friend,,2,n40
...,name_friend,,3,35
...,Text_4,,2,n53
Node_rankup_title.csb,Text_1,ranking_up,1,80
...,Text_2,ranking_up,1,80
Node_text_leaderboard.csb,text_rank,leaderboard,1,53
ftue_content_crazy.csb,Button_1,,1,none
...,Button_2,,1,none
...,Text_1,,1,100
...,Text_2,,1,100
...,Text_3,,1,100
...,Text_4,,1,100
...,Text_5,,1,100
...,Text_6,,1,100
...,Text_7,,1,100
...,Text_8,,1,100
...,Text_9,,1,100
...,Text_10,,1,100
...,Text_11,,1,100
...,hand_l,,1,none
...,hand_r,,1,none
...,pressed_1,,1,none
...,pressed_1_2,,1,none
...,pressed_1_3,,1,none
...,pressed_1_4,,1,none
...,pressed_1_5,,1,none
...,pressed_2,,1,none
...,pressed_2_2,,1,none
...,pressed_2_3,,1,none
...,pressed_2_4,,1,none
...,pressed_2_5,,1,none
...,hand_l_0,,1,none
ftue_content_long.csb,Text_1,,1,53
...,Text_2,,1,53
...,tile,,1,none
...,head,,1,none
...,scope,,1,none
...,pressed,,1,none
...,hand,,1,none
...,2,,2,n100
ftue_crazykey.csb,title_ftue_crazy,,1,60
...,text_ftue_crazy,,1,none
...,mask,,1,none
...,button_tryagain,,1,none
...,text_tryagain,,1,70
ftue_longkey.csb,title_ftue_long,,1,100
...,text_ftue_long,,1,60
...,mask,,1,none
...,button_tryagain,,1,none
...,text_tryagain,,1,70
buttongroup_again.csb,back_again,,1,none
...,share_again,,1,none
...,rank_btn,,1,none
...,again_again,,1,none
buttongroup_again_hall.csb,back,,1,none
...,again_rank,,1,none
...,share,,1,none
...,next,,1,none
buttongroup_again_nonext.csb,back_again_onnext,,1,none
...,share_again_onnext,,1,none
...,again_again_nonext,,1,none
buttongroup_back.csb,share_back,,1,none
...,again_back,,1,none
...,back_back,,1,none
buttongroup_menu_recording.csb,back_again_onnext,,1,none
...,menu_recording,,1,none
...,again_again_nonext,,1,none
buttongroup_next.csb,back,,1,none
...,share,,1,none
...,again,,1,none
...,next,,1,none
buttongroup_recording.csb,back_again,,1,none
...,btn_recording,,1,none
...,rank_btn,,1,none
...,again_again,,1,none
buttongroup_share_normal.csb,back_share_normal,,1,none
...,again_share_normal,,1,none
...,next_share_normal,,1,none
...,share_share_normal,,1,none
...,Text_share,,1,100
endless_pass_content.csb,Text_songname,,1,60
...,Text_good,,1,100
...,reward_icon,,1,none
...,reward_num,,2,n122
...,exp_icon,,1,none
...,exp_num,,2,n122
...,score,,2,n320
...,Text_best,,1,70
...,Text_bestnum,,2,n80
hall_pass_content.csb,Text_1,Beginner Challenge,1,100
...,Text_welldone,,1,100
...,score,,2,n320
...,reward_icon,,1,none
...,reward_num,,2,n122
...,exp_icon,,1,none
...,exp_num,,2,n122
...,Text_5,,1,60
Item_rank_singlesong_anim.csb,text_rank_num_before,,2,n80
...,text_rank_num_0,,2,n80
...,text_rank_num_after,,2,n80
...,text_playername,,3,rank_playername
...,score,,2,n60
levelup_pass_content.csb,Text_songname,,1,100
...,Text_good,,1,100
...,reward_icon,,1,none
...,reward_num,,2,n122
...,exp_icon,,1,none
...,exp_num,,2,n122
...,score,,2,n320
...,Text_best,Best,1,70
...,Text_bestnum,,2,n70
...,next,,1,none
Ly_rank_singlesong.csb,btn_social,,1,none
...,btn_back,,1,none
...,text_title_shadow,,1,75
...,text_title,,1,75
...,bg_button_go,,1,none
...,Text_go,goto_leaderboard,1,45
Node_ani_free.csb,Button_ad,,1,none
Node_ani_freediamond.csb,Button_ad,,1,none
Node_ani_gift.csb,Button_ad,,1,none
Node_number.csb,text_number,,2,n170
Node_players.csb,text_player,Players Globally,1,70
Node_rank_card.csb,text_rank_num,,2,n80
...,text_playername,,1,40
...,scroe,,2,n60
Node_rank_card_green.csb,text_rank_num,,2,n80
...,text_playername,,1,45
Node_rank_linkfailure_single.csb,toast_connect_fail,toast_connect_fail,1,53
...,Button_retry,,1,70
...,link_retry,link_retry,1,70
Node_text_youbeat.csb,text_youbeat,You Beat,1,70
normal_pass_content.csb,Text_songname,,1,120
...,reward_icon,,1,none
...,reward_num,,2,n122
...,exp_icon,,1,none
...,exp_num,,2,n122
...,score,,2,n320
...,Text_best,Best,1,70
rank_card_singlesong.csb,bg_button_go,,1,none
...,Text_go,,1,45
...,btn_socail,,1,none
...,btn_back,,1,none
...,text_title_shadow,,1,75
...,text_title,,1,75
paused.csb,paused,paused,1,100
...,btn_resume,btn_resume,1,100
...,btn_quit,btn_quit,1,100
BattleInfo_Content.csb,text_music,,1,60
...,text_highscore,,1,60
...,btn_recording_off_bg,,1,none
...,btn_recording_off,,1,none
...,off,,1,40
...,btn_recording_on_bg,,1,none
...,btn_recording_on,,1,none
...,on,,1,40
card_locked_pay_diamond_hl.csb,Text_songname_locked,,1,40
...,Text_songname_unlock,,1,40
...,Text_composer_locked,,1,30
...,Button_play,,1,none
...,Text_play,Play,1,75
...,Button_rank,,1,none
...,Text_rank_num,,2,n30
...,Text_stage_num,,2,n30
...,Text_x,,2,n45
...,Text_x_o_1,,2,n30
...,Text_num_pay,,2,n80
...,Text_num_pay_1,,2,n45
...,Text_rank_num_first,,2,n30
...,Text_origin,,2,n80
...,Text_x_o,,2,n45
...,text_video,text_video,1,75
card_playmusic_hl.csb,Text_songname_unlock,,1,40
...,Text_composer_locked,,1,30
...,Text_play,Play,1,75
...,Text_rank_num_first,,2,n30
...,Text_rank_num,,2,n30
...,Text_stage_num,,2,n30
...,Button_rank,,1,none
...,Button_rank_first,,1,none
Node_halloween.csb,text_time,,2,n22
card_invite.csb,Button_invite,,1,none
...,Text_invite,button_invite,1,70
...,Text_opinion,text_invite_reward2,1,40
...,Text_diamond_num,,2,n40
...,Text_x_num,,2,n45
Node_invite_friend_unlink.csb,toast_connectfail,toast_connectfail,1,53
...,Button_retry,,2,none
...,text_btn_retry,button_connectretry,1,70
dialog_continue_quick.csb,again_again,,2,none
...,restart,restart,1,100
...,Button_1,,2,none
...,text_time,,2,n100
...,test_quick_restart,test_quick_restart,1,53
...,Text_x,,2,n40
...,Text_num,,2,n70
...,Text_2,restart,1,100
...,Text_1,text_next_song,1,100
card_test_feedback.csb,Button,,1,none
...,button_Upload,button_Upload,1,70
...,text_Operation,text_Operation,1,40
Node_share_contents_rank.csb,share_text_piano,game_name_piano,1,100
...,share_text_tiles,game_name_tile,1,100
...,share_2,,2,100
...,share_challeng,sharepic_title_challenge,1,60
...,text_share_rank_shadow,rank,1,100
...,text_share_rank,rank,1,100
...,text_share_rank_numshadow,,2,100
...,text_share_rank_num,,2,100
...,text_press,sharepic_wechat_qrcode,1,20
...,share_gamename_4,sharepic_app_name,1,60
...,text_share_Pianist _Leaderboard_shadow,leaderboard,1,53
...,text_share_Pianist _Leaderboard,leaderboard,1,53
...,text_share_song_name_shadow,,1,53
...,text_share_song_name,,1,53
normal_pass_content_new.csb,Text_songname,,1,45
...,score,,2,n100
...,score_shadow,,2,n100
...,Text_best,Best,1,40
...,exp_num,,2,n35
...,exp_add,,2,n53
...,reward_num,,2,n35
...,Text_1,,1,40
...,reward_add,,2,n53
...,Text_fail,,1,35
...,Text_video_unlock_fail,videosong_fail,1,100
...,Text_2,text_try_again,1,45
...,Text_tips,,1,35
...,Text_fragment,song_clips,1,35
...,Text_fragment_complete_shadow,text_end,1,80
...,Text_fragment_complete,text_end,1,80
...,Text_remix_describe,favorites_diy_result_txt1,1,53
...,Text_remix_describe_shadow,favorites_diy_result_txt1,1,53
...,Text_remix_name,,1,60
...,Text_remix_name_shadow,,1,60
Node_result_button_diamond.csb,Text_1,,2,n40
...,texe_num,,2,n40
...,bg_0,,1,none
...,bg,,1,none
...,x,,2,n40
...,text_diawindow,text_diawindow,1,40
...,Image_4,,1,none
...,Button_bg,,1,none
...,Text_get_more_diamond,get_diamonds,1,40
...,text_get,1st_login_diamond,1,40
...,text_diamond,Get More Diamonds,1,40
...,Text_get_diamond,text_revival_diamonds,1,40
...,Text_3,,1,40
...,Text_4,,1,22
Node_result_button_fb.csb,text_get_0,,1,40
...,Text_1,login_card2,1,setting_fb_get
...,first_login,login_diamonds,1,40
...,x,,2,n40
...,get,1st_login_diamond,1,40
...,texe_num,,2,n40
...,Text_rank_friend,rankup,1,40
...,Text_rank_friend_name,,1,40
...,text_rank_num,,2,n40
...,Text_5,install_cm,1,setting_fb_get
...,Text_8,install_cm,1,setting_fb_get
...,Text_2,,1,40
buttongroup_again_new.csb,again_again,,1,none
...,share_again,,1,none
...,back_again,,1,none
hall_pass_content_new.csb,Text_hallname,Beginner Challenge,1,53
...,score,,2,n100
...,score_shadow,,2,n100
...,tiles,Text_world_tile,1,60
...,tiles_shadow,Text_world_tile,1,60
...,Come_On,,1,53
...,Text_best,hall_result_best_speed,1,40
...,exp_num,,2,n35
...,exp_add,,2,n53
...,reward_num,,2,n35
...,reward_add,,2,n53
...,Text_master_best,hall_result_best_speed,1,40
...,Text_season_over,master_Cross1,1,70
...,Text_back,master_Cross2,1,45
...,Text_master_diff,master_result_net,1,40
...,score_1,,2,n100
...,score_shadow_1,,2,n100
...,tiles_1,Text_world_tile,1,60
...,tiles_shadow_1,Text_world_tile,1,60
...,Text_best_score,hall_result_best_speed,1,40
...,Text_reach_score,,1,35
Node_new_best.csb,text_newbest_shadow,,2,45
...,text_newbest,,2,45
Node_btn_open_ad.csb,Button_buy4,,1,none
...,Text_get,flash_btn,1,40
Node_shelter_long.csb,text_content_1,no_gp,1,40
...,no_gp_cn1,no_gp_cn1,1,40
...,no_gp_cn2,no_gp_cn2,1,40
Node_wechat_concern.csb,text_wechat,attention,1,40
...,text_get,1st_login_diamond,1,40
...,Text_1,,2,n40
...,Text_2,,2,n60
dialog_reward_coin.csb,title_shadow,newbie_rewards,1,100
...,title,newbie_rewards,1,100
...,x,,2,n100
...,20,,2,n100
...,Button_receive,,1,none
...,Text_1,claim_button,1,75
card_wechat.csb,Button,,1,none
...,text_btn_login,goto_attention,1,40
...,text_login,attention_2,1,70
...,x,,2,n45
...,number,,2,n80
card_bai1.csb,Button,,1,none
...,button_whitetile,button_whitetile,1,70
...,text_whitetile,text_whitetile,1,setting_fb_get
Node_gift_cn.csb,taxt_rate,gift_exchange,1,40
dialog_continue_new.csb,Text_continue,text_revival1,1,60
...,text_revival,text_done,1,70
...,Button_1,,1,none
...,Button_2,,1,none
...,text_x,,2,n45
...,text_num,,2,n75
...,Text_free,text_revival1,1,70
...,text_time,,1,n100
...,Text_continue_1,text_revival,1,60
...,Button_1,,1,none
...,Button_2,,1,none
...,Text_2,text_revival2,1,45
...,Text_3,,2,n75
...,Text_4,text_revival1,1,70
...,text_only,text_only,1,45
...,text_get,text_get,1,45
...,text_get_num_shadow,,2,n80
...,text_get_num,,2,n80
...,Text_continue_2,text_revival,1,60
...,Button_1,,1,none
...,Button_2,,1,none
...,Text_8,,2,n45
...,Text_9,,2,n75
...,Text_10,text_revival1,1,70
...,text_only,text_only,1,45
...,text_create,text_create,1,45
...,text_best_num,,2,n80
...,text_best_num_shadow,,2,n80
...,Text_best_shadow,,1,40
...,Text_best,,1,40
...,Text_16,text_revival,1,60
...,Button_1,,1,none
...,Button_2,,1,none
...,Text_17,,2,n45
...,Text_18,,2,n75
...,Text_19,text_revival1,1,70
...,text_only,text_only,1,45
...,text_beated,text_beated,1,45
...,text_friend_num_shadow,,2,n80
...,text_friend_num,,2,n80
...,Text_name,,3,35
...,text_continue_4,text_revival,1,60
...,Button_1,,1,none
...,Button_2,,1,none
...,Text_28,,2,n45
...,Text_29,,2,n75
...,Text_30,text_revival1,1,70
...,text_only,text_only,1,45
...,text_win,text_win,1,45
...,text_win_num_shadow,,2,n80
...,text_win_num,,2,n80
...,Text_video_free,text_done,1,45
...,Text_video_free_0,text_done,1,45
...,Text_video_free_1,text_done,1,45
...,Text_video_free_2,text_done,1,45
...,Text_video_free_4,text_done,1,45
...,Text_continue_normal,text_revival1,1,45
...,Text_14,text_video,1,relive_video
...,Text_continue_0_0,text_revival2,1,45
...,btn_Text_continue,text_revival3,1,45
...,Text_content,revive_secondtime,1,40
...,Text_only,text_only,1,45
...,Text_get_piece,text_get,1,45
hall_pass_content_new_xmas.csb,Text_hallname,Beginner Challenge,1,53
...,score,,2,n100
...,score_shadow,,2,n100
...,tiles,Text_world_tile,1,60
...,tiles_shadow,Text_world_tile,1,60
...,Come_On,,1,53
...,Text_best,hall_result_best_speed,1,40
...,exp_num,,2,n35
...,exp_add,,2,n53
...,reward_num,,2,n35
...,reward_add,,2,n53
...,Text_master_best,hall_result_best_speed,1,40
...,Text_season_over,master_Cross1,1,70
...,Text_back,master_Cross2,1,45
...,Text_master_diff,master_result_net,1,40
...,score_1,,2,n100
...,score_shadow_1,,2,n100
...,tiles_1,Text_world_tile,1,60
...,tiles_shadow_1,Text_world_tile,1,60
...,Text_best_score,hall_result_best_speed,1,40
...,Text_reach_score,,1,35
normal_pass_content_new_xmas.csb,Text_songname,music_title,1,45
...,score,,2,n100
...,score_shadow,,2,n100
...,Text_best,Best,1,40
...,exp_num,,2,n35
...,exp_add,,2,n53
...,reward_num,,2,n35
...,Text_1,text_try_again,1,40
...,reward_add,,2,n53
...,Text_video_unlock_fail,videosong_fail,1,100
...,Text_tips,,1,35
...,Text_fragment,song_clips,1,35
...,Text_fragment_complete_shadow,text_end,1,80
...,Text_fragment_complete,text_end,1,80
...,Text_remix_describe,favorites_diy_result_txt1,1,53
...,Text_remix_name,favorites_diy_txt,1,60
homepageNode_xmas.csb,songname_shadow,,1,70
...,songname,,1,70
...,button_play,,1,none
...,play_shadow,Play,1,60
...,play,Play,1,60
Node_new_best_xmas.csb,text_newbest_shadow,,2,n45
...,text_newbest,,2,n45
Node_result_button_xmas.csb,shareh5_cm_resultpage,shareh5_cm_resultpage,1,40
card_fb_log.csb,Text_opinion,login_card2,1,35
...,Text_1,login,1,40
...,Text_6,login_card2,1,40
...,Text_5,login,1,40
...,Text_10,login_card2,1,40
...,Text_9,login,1,40
...,num_rank_0,,2,n35
...,num_crown_0,,2,n35
...,num_diamonds_0,,2,n45
Layer_share_h5.csb,Text_game_name,game_name_piano,1,70
Node_rank_enter_new.csb,Text_1,,2,n22
hall_pass_youbeat_new.csb,Text_youBeat,You Beat,1,45
...,Text_playerGlobally,Players Globally,1,45
...,Text_num,,2,n70
card_other.csb,Button,,1,none
...,video_button1,video_button1,1,40
...,install_cm,install_cm,1,40
...,Text_x_1,,2,n60
...,Text_num,,2,n60
...,Text_num_1,,2,n60
...,Text_x,,2,n60
Node_thanks.csb,text_thanks,text_fans,1,40
Node_thankss.csb,text_fans_0_s,text_fans_0,1,75
...,text_fans_0,text_fans_0,1,75
...,text_fans_1,text_fans_1,1,40
dialog_shop_diamond_video_sf.csb,Text_1,Get More Diamonds,1,60
...,Text_activity,diamond_sale,1,60
...,Text_activity_shadow,diamond_sale,1,60
...,Text_double_all_shadow,text_diawindow,1,60
...,Text_double_all,text_diawindow,1,60
...,Text_double_diamonds_right_shadow,,2,60
...,Text_double_diamonds_right,,2,60
...,Text_double_diamonds_left_shadow,,2,60
...,Text_double_diamonds_left,,2,60
...,Text_bonus,left_diawindow,1,30
...,Button_1,,1,none
...,num_diamond,,2,n40
...,num_diamond4,,2,n45
...,x4,,2,n30
...,num_diamond1,,2,n45
...,x1,,2,n30
...,Button_buy1,,1,none
...,num_purchase1,,2,n75
...,num_diamond2,,2,n45
...,x2,,2,n30
...,Button_buy2,,1,none
...,num_purchase2,,2,n75
...,num_diamond3,,2,n45
...,x3,,2,n30
...,Button_buy3,,1,none
...,num_purchase3,,2,n75
...,text_gp_discount,text_gp_discount,1,30
...,num_purchase_before_2,,2,n53
...,num_purchase_before_3,,2,n53
...,text_num_diamond,,2,n75
...,Text_x,,2,n53
...,Text_login,home_login_btn,1,45
Ly_rank_fans.csb,text_fans,fans_rank_entrance,1,40
card_fans.csb,text_whitetile,fans_card_content,1,40
...,button_whitetile,fans_card_button,1,fb_login_ru_get
dialog_shop_diamond_sf.csb,Text_1,Get More Diamonds,1,60
...,Text_activity,diamond_sale,1,60
...,Text_activity_shadow,diamond_sale,1,60
...,Text_double_all_shadow,text_diawindow,1,60
...,Text_double_all,text_diawindow,1,60
...,Text_double_diamonds_right_shadow,,2,60
...,Text_double_diamonds_right,,2,60
...,Text_double_diamonds_left_shadow,,2,60
...,Text_double_diamonds_left,,2,60
...,Text_bonus,left_diawindow,1,30
...,Button_1,,1,none
...,num_diamond,,2,n40
...,num_diamond1,,2,n45
...,x1,,2,n30
...,Button_buy1,,1,none
...,num_purchase1,,2,n75
...,num_diamond2,,2,n45
...,x2,,2,n30
...,Button_buy2,,1,none
...,num_purchase2,,2,n75
...,num_diamond3,,2,n45
...,x3,,2,n30
...,Button_buy3,,1,none
...,num_purchase3,,2,n75
...,Text_11,,1,40
...,Text_15,,1,40
...,Text_17,,1,40
...,text_gp_discount,text_gp_discount,1,30
...,num_purchase_before_2,,2,n53
...,num_purchase_before_3,,2,n53
...,text_num_diamond,,2,n75
...,Text_x,,2,n53
...,Text_login,home_login_btn,1,45
Node_login.csb,title,login_bonus_tips,1,45
...,Text_1,login_wechat,1,45
...,Text_3,login_qq,1,45
...,Text_2,login_visitor,1,53
dialog_loginfail.csb,Text_title,visitor_buy_title,1,60
...,Text_desc_1,,1,40
...,Text_desc_2,,1,40
...,Button_ok,language_done,1,70
Node_redbag.csb,Text_1,chunjie_event_des1,1,60
...,Text_1_0,chunjie_event_des2,1,60
...,Text_open,chunjie_event_button,1,75
...,Text_3,chunjie_success_des,1,60
...,Text_get,chunjie_success_button,1,75
dialog_message.csb,title_adwall,msgcenter_title,1,n45
...,Text_1,msgcenter_des,1,n40
aniHallNode_xmas.csb,text_hall,text_hall,1,30
...,text_hall_0,text_hall,1,30
aniClassNode_xmas.csb,text_class,class,1,30
...,text_class_0,class,1,30
aniHomeNode_xmas.csb,text_home,text_home,1,30
...,text_home_0,text_home,1,30
aniMeNode_xmas.csb,text_me,,1,30
...,text_me_0,,1,30
aniMusicNode_xmas.csb,text_music,text_music,1,30
...,text_music_0,text_music,1,30
aniSettingNode_xmas.csb,text_setting,text_setting,1,30
...,text_settingwhite,text_setting,1,30
bottomtab_xmas.csb,btn_home,,1,none
...,btn_music,,1,none
...,btn_hall,,1,none
...,btn_me,,1,none
Node_result_button_firstpay.csb,text_diawindow,text_diawindow,1,40
...,Text_get_more_diamond,get_diamonds,1,40
...,text_get,1st_login_diamond,1,40
...,text_diamond,Get More Diamonds,1,40
...,Text_get_diamond,text_revival_diamonds,1,40
...,text_play_w_friend,login_card2,1,setting_fb_get
...,text_ad_diamond,install_cm,1,ad_card_test
...,text_ad_gold,install_cm,1,ad_card_test
...,text_get_0,,1,40
...,first_login,login_diamonds,1,40
...,get,1st_login_diamond,1,40
...,texe_num,,2,n40
...,Text_rank_friend,rankup,1,40
...,Text_rank_friend_name,,1,40
...,Text_1,,1,ad_card_test
...,Text_8,,1,ad_card_test
...,text_rank_num,,2,n40
...,Text_song_name,,1,40
...,Text_11,login_diamonds,1,40
...,Text_14,,2,n40
...,Text_17,,2,n40
...,Text_20,login_card2,1,setting_fb_get
...,Text_23,,1,40
...,Text_25,,1,40
...,Text_26,,1,40
...,Text_2,,1,40
...,Text_fav_song,yiyuan_txt7,1,40
...,Text_5,,1,40
...,Text_27,goldensong_sale,1,40
dialog_vip.csb,Text_noAD,vip_privilege_text4,1,30
...,Text_noAD_0,vip_privilege_text3,1,30
...,Text_noAD_0_0,vip_privilege_text6,1,30
...,Text_VIP_privilege,vip_privilege,1,45
...,Text_VIP_privilege_0,vip_privilege,1,45
...,num_diamond1,vip_time1,1,45
...,num_diamond2,vip_time2,1,45
...,num_diamond3,vip_time3,1,45
...,num_purchase1,,1,75
...,num_purchase2,,1,75
...,num_purchase3,,1,75
...,Text_7,vip_price1,1,vip_free
...,Text_5,vip_price3,1,40
...,Text_6,,1,vip_free_1
...,Text_1,,1,30
card_vip.csb,text_btn_login,vip_Entrance_button1,1,40
...,text_unlock_music,vip_privilege_text3,1,vip_card_text
...,text_no_ads,vip_privilege_text1,1,vip_card_text
card_vip_result.csb,text_btn_login,vip_Entrance_button1,1,40
...,text_login,vip_privilege_text3,1,40
dialog_dreambag.csb,Text_x,,2,n70
...,Text_num,,2,n70
...,Text_x_1,,2,n70
...,Text_num_1,,2,n70
...,Text_songname,,1,53
...,Text_coin_x_buy,,2,n70
...,Text_coin_num_buy,,2,n70
...,Text_diamond_x_buy,,2,n70
...,Text_diamond_num_buy,,2,n70
...,Button_buy4,yiyuan_txt5,1,40
...,original_price_text,yiyuan_txt4,1,35
dialog_dreambag_gp.csb,Text_x,,2,n70
...,Text_num,,2,n70
...,Text_x_1,,2,n70
...,Text_num_1,,2,n70
...,Text_songname,,1,53
...,Text_coin_x_buy,,2,n70
...,Text_coin_num_buy,,2,n70
...,Text_diamond_x_buy,,2,n70
...,Text_diamond_num_buy,,2,n70
...,Button_buy4,,1,40
...,original_price_text,,1,35
...,Text_12,libao_text6,1,40
...,Text_purchase,libao_text3,1,53
...,Text_purchase_0,libao_text3,1,53
...,Text_limit_shadow,libao_text2,1,53
...,Text_limit,libao_text2,1,53
card_package_newbie.csb,Text_1,libao_text1,1,70
...,Text_3,,1,40
...,Text_coin_x,,1,40
...,Text_coin_num,,2,n35
...,Text_diamond_x,,1,40
...,Text_diamond_num,,2,n35
BattleInfo_Content_xmas.csb,text_geteaster,holiday_start,1,53
BattleInfo_Content_chest.csb,text_geteaster,box_startip,1,53
BattleInfo_Content_chest_birthday.csb,text_geteaster_birthday,box_startip_holiday,1,53
card_buy_bundle.csb,text_login,yiyuan_txt1,1,40
...,text_login_0,yiyuan_txt2,1,40
...,Text_2,yiyuan_txt3,1,40
dialog_vip_share.csb,Text_congratulation,vip_card_text1,1,45
...,Text_content,vip_card_text3,1,35
...,Text_share,vip_card_share,1,40
...,Text_vip_num,,1,30
vip_unlockmusic.csb,Text_vipunlock,vip_music_test1,1,btn_fr
...,Text_vipunlock_shadow,vip_music_test1,1,btn_fr
card_vip_music.csb,Text_songname_unlock,,1,35
...,Text_composer,,1,28
...,Text_stage_num,,2,n30
dialog_vip_fblogin.csb,Text_congratulation,vip_login_text1,1,45
...,Text_content,vip_login_text3,1,35
...,Text_share,vip_login_button,1,40
card_locked_vip_song.csb,Text_songname_locked,,1,70
...,Text_songname_unlock,,1,70
...,Text_composer_locked,,1,28
...,Text_stage_num,,2,n30
...,Text_rank_num,,2,n22
...,Text_rank_num_first,,2,n22
...,Text_play,Play,1,40
...,Text_get,vip_Entrance_button2,1,40
Node_result_button_buymusic.csb,Text_player_count,buymusic_resultpage,1,30
...,Text_song_name,,1,40
...,Text_artist_name,,1,30
Node_btn_vip_song.csb,Text_get,vip_Entrance_button2,1,40
dialog_package_cn.csb,Text_6,jinjie_now,1,40
...,Text_7,jinjie_before,1,30
...,Text_14,changwan_now,1,40
...,Text_15,changwan_before,1,30
...,Text_22,chongguan_now,1,40
...,Text_23,chongguan_before,1,30
Node_package_enter.csb,Text_xmas_timeleft_0,,1,22
...,Text_1,,1,22
dialog_vip_start.csb,Text_noAD,vip_privilege_text4,1,30
...,Text_noAD_0,vip_privilege_text3,1,30
...,Text_noAD_0_0,vip_privilege_text6,1,30
...,Text_1,vip_price1,1,vip_free
...,Text_3,vip_price3,1,40
...,Text_2,vip_price4,1,vip_free_1
...,Text_VIP_privilege,vip_privilege,1,53
...,Text_VIP_privilege_0,vip_privilege,1,53
dialog_getphone.csb,logout_notification,login_title,1,60
...,logout_notification_text,login_tips,1,40
...,Text_1,login_PNumber,1,30
...,Text_1_0,login_ICode,1,30
...,Text_2,login_button_getICode_1,1,60
...,logout_notification_rightbtn,login_button_binding,1,70
card_phone_login.csb,text_login,entrance2_1,1,70
...,text_btn_login,entrance2_2,1,40
Node_phone_login_setting.csb,text_frist_login,entrance3_1,1,45
Node_phone.csb,text_phone,entrance3_2,1,70
...,text_phone_number,,1,70
Node_result_button_phone.csb,Text_2,entrance1_1,1,40
...,shareh5_cm_resultpage,entrance1_1,1,40
card_firstpay.csb,Text_opinion,text_1stcharge,1,40
...,num_diamonds_0_0,first_rewards,1,35
dialog_shop_diamond_cn.csb,Text_1,Get More Diamonds,1,60
...,Text_activity,diamond_sale,1,60
...,Text_activity_shadow,diamond_sale,1,60
...,Text_double_all_shadow,,1,60
...,Text_double_all,,1,60
...,Text_double_diamonds_right_shadow,,2,60
...,Text_double_diamonds_right,,2,60
...,Text_double_diamonds_left_shadow,,2,60
...,Text_double_diamonds_left,,2,60
...,Text_bonus,left_diawindow,1,30
...,Button_1,,1,none
...,num_diamond,,2,n40
...,num_diamond1,,2,n45
...,Button_buy1,,1,none
...,num_purchase1,,2,n75
...,num_diamond2,,2,n45
...,Button_buy2,,1,none
...,num_purchase2,,2,n75
...,num_diamond3,,2,n45
...,Button_buy3,,1,none
...,num_purchase3,,2,n75
...,Text_11,,1,40
...,Button_buy4,,1,none
...,num_purchase4,,2,n75
...,Button_buy5,,1,none
...,num_purchase5,,2,n75
...,Text_15,,1,40
...,Text_17,,1,40
...,text_num_diamond,,2,n75
...,Text_x,,2,n53
...,Text_login,home_login_btn,1,45
...,text_content_1,no_gp,1,40
card_locked_fblogin.csb,Button_play,,1,none
...,Text_songname_locked,,1,40
...,Text_songname_unlock,,1,40
...,Text_composer_locked,,1,30
...,Text_stage_num,,2,n30
...,Text_login,home_login_btn,1,45
...,Text_play,Play,1,75
dialog_hall_class.csb,text_classmate,,1,n45
card_hall_class.csb,Text_rank_hall,class,1,40
...,Text_more,class_more,1,70
...,Text_classinfor,class_info,1,60
...,Text_1,class,1,n45
...,Text_achieve3,class_unlock,1,n35
...,text_title_data,,1,35
dialog_class_achievel.csb,title,class_partnerup,1,100
...,title_shadow,class_partnerup,1,100
...,Text_information,class_finding,1,70
...,Text_time,,1,60
Ly_week_activity.csb,Text_time,,1,30
...,Text_title,,1,53
...,Text_today,challenge_remaining_times,1,30
...,Text_num,,1,40
...,Text_today_0,challenge_rule,1,30
...,Text_week,challenge_over_prompt_1,1,40
...,Text_week_time,challenge_over_prompt_2,1,40
card_game.csb,Text_songname_1,,1,40
...,Text_songname_2,,1,22
...,Text_14,,1,22
...,Text_num_1,,1,30
...,Text_16,challenge_number,1,22
...,Text_star,Play,1,40
...,Text_songname,,1,40
...,Text_songname_0,,1,22
...,Text_ren,,1,22
...,Text_num,,1,30
...,Text_chanllage,challenge_number,1,22
...,Text_button,challenge_click,1,40
...,Text_songscore_num,,1,45
...,Text_songscore,challenge_high_score,1,35
...,Text_1,challenge_success,1,30
dialog_challengingtimes.csb,title,,1,53
...,text_1,,1,35
...,text_2,,1,35
...,text_2_num,,1,35
...,logout_notification_rightbtn,,1,70
...,Text_x,,1,60
...,Text_num,,1,70
...,title_1,,1,53
...,text_3,,1,35
...,text_btn,,1,70
week_success_unlockmusic.csb,Text_newmusicunlock,challenge_success,1,80
...,Text_newmusicunlock_shadow,challenge_success,1,80
...,Text_Congratulation,challenge_unlock,1,45
...,Text_sonyname,,1,30
...,Text_1,,1,30
...,Text_num,,1,30
...,Text_1_0,,1,30
...,Text_3,,1,75
...,Text_3_0,,1,75
...,Text_queding,gift_ok,1,75
Node_week_target.csb,Text_1,,1,45
...,Text_2,,1,30
...,Text_3,,1,35
Node_btn_week_enter.csb,Text_1,,1,40
Node_banner_week.csb,Text_time,,1,35
newEpoch_hq_summon.csb,Text_title,band_calltit1,1,70
...,Button_summon,band_btnup,1,40
...,Text_WIFI,band_internet2,1,35
...,Text_music_name,,1,45
...,Text_size,,1,40
newEpoch_hq_summonfailed.csb,Button_retry,band_btnretry,1,30
...,Text_WIFI,band_internet1,1,22
...,Text_title,band_callfail,1,70
...,Text_WIFI_0,band_internet2,1,35
...,Text_music_name,,1,45
...,Text_size,,1,40
newEpoch_hq_summoning.csb,Text_1,band_titstop,1,70
...,Button_stop_yes,band_btnyes,1,60
...,Button_stop_yes_0,band_btnno,1,60
...,Text_title,band_titcalling,1,70
newEpoch_hq_summonsuc.csb,Text_title,band_titok,1,60
...,Button_ok,band_btnyes,1,40
newEpoch_hq_nererror.csb,Text_title,band_internet1,1,70
...,Text_net,band_internet1,1,30
...,Button_retry,band_btnretry,1,40
...,Text_WIFI,band_internet2,1,22
...,Text_WIFI_0,band_internet2,1,35
...,Text_music_name,,1,45
...,Text_size,,1,40
...,Text_title_0,band_internet3,1,70
Node_btn_band_download.csb,Text_download,band_callent,1,40
Node_band_loadingsuc.csb,Text_enjoy,Text_headphone,1,70
levelup_unlockmusicEpo.csb,Text_newmusicunlock_shadow,band_moresong,1,80
...,Text_newmusicunlock,band_moresong,1,80
Node_opening_text2014_f.csb,text_caption1,text2_caption1,1,45
Node_opening_textdream_f.csb,text_caption5,text2_caption5,1,45
Node_opening_textfullfill_f.csb,text_caption4,text2_caption4,1,45
Node_opening_texticon_f.csb,text_caption2,text2_caption2,1,45
Node_opening_textnumber_f.csb,text_caption3,text2_caption3,1,45
Node_freeloop.csb,Text_music_name,Text_music_name,1,70
...,button_play,,1,none
...,Text_play_shadow,Text_play,1,100
...,Text_play,Text_play,1,100
...,loading_numbershadow,,2,n80
...,loading_number,,2,n80
...,title_shadow,title2,1,45
...,title,title2,1,45
...,Text_headphone,Text_headphone,1,45
...,text_computer,text_computer,1,45
...,Text_3,login_qq,1,45
...,Text_2,login_wechat,1,45
...,Text_1,login_visitor_firstplay,1,53
Node_freeloop2.csb,text_name,Text_music_name,1,70
...,button_play,,1,none
...,Text_play_shadow,Text_play,1,100
...,Text_play,Text_play,1,100
...,title_shadow,title2,1,45
...,title,title2,1,45
...,Text_headphone,Text_headphone,1,35
...,Text_2,login_visitor_firstplay,1,53
...,Text_1,login_wechat,1,45
...,Text_3,login_qq,1,45
Node_google_login.csb,Text_login,gp_guide,1,n20
...,Text_suc,gp_suc,1,n20
...,Text_fail,gp_fail,1,n20
dialog_shop_diamond_cn_tab.csb,Text_1,Get More Diamonds,1,60
...,Text_activity,diamond_sale,1,60
...,Text_activity_shadow,diamond_sale,1,60
...,Text_double_all_shadow,,1,60
...,Text_double_all,,1,60
...,Text_double_diamonds_right_shadow,,2,60
...,Text_double_diamonds_right,,2,60
...,Text_double_diamonds_left_shadow,,2,60
...,Text_double_diamonds_left,,2,60
...,Text_bonus,left_diawindow,1,30
...,Button_1,,1,none
...,num_diamond,,2,n40
...,num_diamond1,,2,n45
...,Button_buy1,,1,none
...,num_purchase1,,2,n75
...,num_diamond2,,2,n45
...,Button_buy2,,1,none
...,num_purchase2,,2,n75
...,num_diamond3,,2,n45
...,Button_buy3,,1,none
...,num_purchase3,,2,n75
...,Text_11,,1,40
...,Button_buy4,,1,none
...,num_purchase4,,2,n75
...,Button_buy5,,1,none
...,num_purchase5,,2,n75
...,Text_15,,1,40
...,Text_17,,1,40
...,text_num_diamond,,2,n75
...,Text_x,,2,n53
...,Text_login,home_login_btn,1,45
...,text_content_1,no_gp,1,40
,Text_17,,,35
,Text_18,,,35
Node_setting_skine.csb,Text_2,,1,35
...,Text_1,,1,40
Node_tips.csb,Text_1,,1,40
...,Text_1_0,,1,40
...,Text_get,,1,n40
Node_scoree_mine.csb,Text_score_mine,,2,60
...,Text_notin,class_notin,1,35
Node_scoree_time.csb,Text_update_time,,1,35
Node_social_grade.csb,grade_text,class_scoreboard,1,30
Node_socioal_class.csb,classroom_name_text,,1,35
Node_season_diamond.csb,Text_1_0,TID class_get,1,53
...,Text_1,TID class_get,1,53
...,Text_maxget,class_mawards,1,40
...,Text_num,,2,n30
...,Text_3,,2,n53
...,Text_3_0,,2,n53
classroomAni.csb,Text_season,,1,22
...,Text_challenge,class_challenge,1,53
...,Text_songname,,1,40
card_team_msg_play.csb,Text_score_text,class_score,1,22
...,Text_Newbest,class_newscore,1,22
...,Text_Score,,2,n75
...,Text_Name,,3,30
...,Text_time,,1,22
card_team_msg_rank.csb,Text_reward_1,class_won,1,22
...,Text_reward_2,class_won,1,22
...,Text_name,,3,30
card_team_msg_rank_s.csb,Text_reward_1,class_won,1,22
...,Text_reward_2,class_won,1,22
...,Text_name,,3,30
Node_dialog_result.csb,Text_end_season,class_over,1,40
...,Text_participant,class_partici,1,35
...,Text_score,class_highest,1,35
...,Text_rating,class_rated,1,35
...,Text_rank_opinion,class_scoreboard,1,35
...,Text_recieve,class_collect,1,35
...,Text_season,,1,45
Layer_social_rank.csb,Text_finish,class_over,1,40
...,Text_receive,class_collect,1,45
...,Text_season,,1,35
...,Text_max_reward,class_mawards,1,22
...,Text_timer,,1,53
...,Text_nonet,no_network,1,35
Node_season_button.csb,Text,,1,35
class_unlock.csb,Text_eine,,1,60
...,Text_season1,class_season,1,45
...,Text_2,class_unlock,1,30
...,Text_assessment,class_exam,1,30
...,show,class_challenge,1,60
...,Text_welcome,class_welcome,1,40
Layer_social_list.csb,Text_season_c,,1,40
...,Text_season,,1,22
...,Text_no_network,class_nonetwork,1,35
Node_social_rule.csb,BitmapFontLabel_1,class_rules,1,53
...,BitmapFontLabel_1_0,class_details1,1,35
...,BitmapFontLabel_1_0_1_0,class_top5,1,22
...,Text_1,class_top15,1,22
...,Text_5,class_top50,1,22
...,Text_9,class_other,1,22
...,BitmapFontLabel_1_0_1,class_awards,1,30
...,Text_3,class_awards,1,30
...,Text_7,class_awards,1,30
...,Text_11,class_awards,1,30
Node_social_rule_card.csb,Text_2,class_rules,1,35
...,Text_1,class_join,1,30
...,Text_3,class_mawards,1,30
...,Text_4,class_details1,1,30
Node_card_game_1.csb,Text_highscore,challenge_high_score,1,30
...,Text_target,challenge_aim,1,40
...,Text_score,,1,n40
...,Text_up,,1,30
...,Text_reward,,1,30
...,Text_x1,,1,35
...,Text_num1,,1,40
...,Text_x1_0,,1,35
...,Text_num1_0,,1,40
...,Text_keling,claim_button,1,30
...,Text_yiling,challenge_received,1,30
...,Text_wei,challenge_unfinished,1,30
Node_card_game_2.csb,Text_highscore,challenge_high_score,1,30
...,Text_target,challenge_aim,1,40
...,Text_score,,1,n40
...,Text_up,,1,30
...,Text_reward,,1,30
...,Text_x1,,1,35
...,Text_num1,,1,40
...,Text_x1_0,,1,35
...,Text_num1_0,,1,40
...,Text_keling,claim_button,1,30
...,Text_yiling,challenge_received,1,30
...,Text_wei,challenge_unfinished,1,30
Node_card_game_3.csb,Text_highscore,challenge_high_score,1,30
...,Text_target,challenge_aim,1,40
...,Text_score,,1,n40
...,Text_up,,1,30
...,Text_reward,,1,30
...,Text_x1,,1,35
...,Text_num1,,1,40
...,Text_x1_0,,1,35
...,Text_num1_0,,1,40
...,Text_keling,claim_button,1,30
...,Text_yiling,challenge_received,1,30
...,Text_wei,challenge_unfinished,1,30
Node_remind.csb,text_language_Setting,notifications,1,40
Node_remind_setting.csb,text_setting,,1,40
...,text_on,,1,40
Node_updata_song.csb,Text_Updata,Presale_popup_title,1,53
...,Text_Updata_exp,Presale_popup_subtitle,1,35
...,Text_1,video_button1,1,45
...,Text_Updata_exp_shadow,Presale_popup_subtitle,1,35
...,Text_Updata_shadow,Presale_popup_title,1,53
...,Text_songname,,1,update_songname
...,Text_singer,,1,30
...,Text_x,,2,n40
...,Text_num,,2,n40
Node_box_remind.csb,Text_title,new_songbox,1,60
...,Text_title_shadow,new_songbox,1,60
...,Text_time,more_contentsbox,1,40
...,Text_getnewsong,,1,40
...,Text_get,Text_play,1,45
Node_chest_open.csb,Text_song_name,,1,60
...,Text_tips,,1,30
...,Text_1,box_openall,1,53
...,Text_Get,video_button1,1,53
...,Text_tips,,1,30
...,Text_play_tips,,1,40
...,Text_continue,,1,40
Node_chest_open_birthday.csb,Text_song_name,,1,60
...,Text_tips,,1,30
...,Text_1,box_openall,1,53
...,Text_Get,video_button1,1,53
...,Text_tips,,1,30
Node_chest_open_xmas.csb,Text_song_name,,1,60
...,Text_tips,,1,30
...,Text_1,box_openall,1,53
...,Text_Get,video_button1,1,53
...,Text_tips,,1,30
...,Text_play_tips,,1,40
...,Text_continue,,1,40
dialog_continue_new_new.csb,Text_continue,text_revival1,1,60
...,text_revival,text_done,1,40
...,Button_1,,1,none
...,Button_2,,1,none
...,text_x,,2,n45
...,text_num,,2,n75
...,Text_continue_normal,text_revival,1,45
...,text_revival2_0,text_revival1,1,45
...,Button_1,,1,none
...,text_time,,2,n100
...,Text_1,,2,n30
...,Text_continue_crown,text_revival,1,45
...,Button_2,,1,none
...,Text_2,,2,n45
...,Text_3,,2,n75
...,text_revival2_1,text_revival1,1,45
...,text_only,text_only,1,45
...,text_get,text_get,1,45
...,text_get_num_shadow,,2,n80
...,text_get_num,,2,n80
...,text_time_0,,2,n100
...,Text_4,,2,n30
...,Text_continue_2,text_revival,1,60
...,Button_1,,1,none
...,Button_2,,1,none
...,Text_8,,2,n45
...,Text_9,,2,n75
...,Text_continue_best,text_revival,1,45
...,text_revival2_2,text_revival1,1,45
...,text_only,text_only,1,45
...,text_create,text_create,1,45
...,text_best_num,,2,n80
...,text_best_num_shadow,,2,n80
...,Text_best_shadow,,1,40
...,Text_best,,1,40
...,Text_16,,2,n100
...,Text_10,,2,n30
...,Button_1,,1,none
...,Button_2,,1,none
...,Text_17,,2,n45
...,Text_18,,2,n75
...,Text_continue_friend,text_revival,1,45
...,text_revival_2_2,text_revival1,1,45
...,text_only,text_only,1,45
...,text_beated,text_beated,1,45
...,text_friend_num_shadow,,2,n80
...,text_friend_num,,2,n80
...,Text_name,,3,35
...,Text_5,,2,n100
...,Text_11,,2,n30
...,text_continue_4,text_revival,1,60
...,Button_1,,1,none
...,Button_2,,1,none
...,Text_28,,2,n45
...,Text_29,,2,n75
...,Text_continue_top,text_revival,1,45
...,text_revival2_4,text_revival1,1,45
...,text_only,text_only,1,45
...,text_win,text_win,1,45
...,text_win_num_shadow,,2,n80
...,text_win_num,,2,n80
...,Text_6,,2,n100
...,Text_12,,2,n30
...,Text_video_free,text_done,1,45
...,Text_video_free_0,text_done,1,45
...,Text_video_free_1,text_done,1,45
...,Text_video_free_2,text_done,1,45
...,Text_video_free_4,text_done,1,45
...,Text_link,,1,45
...,Text_28_0,,2,n45
...,Text_29_0,,2,n45
...,Text_7,,1,45
...,Text_35,,2,n45
...,Text_36,,2,n45
...,Text_37,,2,n45
...,Text_38,,2,n45
...,Button_buy,,1,none
...,Text_buy0,,2,n45
...,Text_45,,2,n45
...,Text_46,,2,n45
...,Button_buy_1,,1,none
...,Text_buy1,,2,n45
...,Text_50,,2,n45
...,Text_51,,2,n45
...,Button_buy_2,,1,none
...,Text_buy2,,2,n45
UIMusicLayer.csb,Text_all,text_level,1,30
...,Text_chosen,text_selection,1,30
...,Text_fav,text_favorites,1,30
...,Text_charts,text_rank,1,30
...,Text_1,songrank_wifi,1,45
...,Text_1_shadow,songrank_wifi,1,45
...,Text_title,songrank_update,1,40
...,Text_title_shadow,songrank_update,1,40
...,Text_detail,songrank_update2,1,30
...,Text_detail_shadow,songrank_update2,1,30
UIMusicLayer_xmas.csb,Text_all,text_level,1,30
...,Text_chosen,text_selection,1,30
...,Text_fav,text_favorites,1,30
...,Text_charts,text_rank,1,30
...,Text_1,songrank_wifi,1,45
...,Text_1_shadow,songrank_wifi,1,45
...,Text_title,songrank_update,1,40
...,Text_title_shadow,songrank_update,1,40
...,Text_detail,songrank_update2,1,30
...,Text_detail_shadow,songrank_update2,1,30
card_special.csb,AlbumName,,1,70
...,AlbumTitle,,1,53
...,AlbumSubTitle,,1,53
...,number,,2,n35
...,x,,2,30
card_hall_home.csb,Text_opinion,BEGINNER,1,70
...,Text_numplayer,,1,28
...,Text_Challenge,challenge,1,40
Node_box_remind_new.csb,Text_title,box_win_holidaytit,1,60
...,Text_title_shadow,box_win_holidaytit,1,60
...,Text_time_remind,,2,n30
...,Text_song,,1,45
...,Text_song_shadow,,1,45
...,Text_get,box_win_holidaybtn,1,45
Node_home_btn_free_timecount.csb,Button_buy_timecount,,1,none
...,Text_time,,1,40
Node_home_btn_free_video.csb,Button_buy4,,1,none
...,Text_get,text_video,1,40
...,Text_loading,video_button2,1,40
Layer_share_birthday.csb,Text_game_name,game_name_piano,1,70
Node_share_contents_birthday.csb,share_score,,2,n100
...,share_tile,sharepic_title_tile,1,70
...,share_text_piano,game_name_piano,1,100
...,share_text_tiles,game_name_tile,1,100
...,share_2,,2,100
...,share_challeng,sharepic_title_challenge,1,60
...,share_my_shadow,sharepic_title_speed,1,53
...,share_my,sharepic_title_speed,1,53
...,text_press,sharepic_wechat_qrcode,1,20
...,share_gamename_4,sharepic_app_name,1,60
dialog_vip_confirm.csb,logout_notification,vip_privilege_text7,1,60
...,logout_notification_text,vip_privilege_text8,1,40
...,Button_loggingagain,,1,none
...,logout_notification_rightbtn,Confirm_btn,1,70
...,Button_cancel,,1,none
...,logout_notification_leftbtn,Cancel,1,70
dialog_login_expired.csb,old_login_title,old_login_title,1,60
...,old_login_text,old_login_text,1,40
...,Button_loggingagain,,1,none
...,old_login_right,old_login_right,1,70
...,Button_cancel,,1,none
...,old_login_left,old_login_left,1,70
BattleInfo_Content_chest_candy.csb,text_geteaster_candy,chongji_startip,1,53
Node_banner_candy.csb,Text_3,chongji_pop_title1,1,40
...,Text_1,chongji_pop_title2,1,60
...,chongji_pop_btn,chongji_pop_btn,1,40
BattleInfo_Content_pumpkin.csb,text_ghostInfo,normal_startip,1,53
...,text_ghostLevel,,1,40
BattleInfo_Content_xmas_challenge.csb,text_tier_name_1,start_xmascopy_tit1,1,40
...,text_tier_name_1_0,,1,40
...,text_tier_name_1_0_0,class_awards,1,40
normal_pass_content_new_xmas_challenge.csb,Text_success_finale,,1,45
...,Text_success,,1,60
...,Text_fail,,1,45
...,Text_level,,1,40
...,Text_level_1,,1,40
...,Text_level_2,,1,40
...,Text_songname,,1,40
Node_band_pumpkin_final.csb,Text_3_0,normal_allsuccess,1,40
...,Text_3,normal_allsuccess,1,40
...,chongji_pop_btn,share_title,1,40
ftue_muisc_collect.csb,Text_4,favorites_guide_1content,1,40
...,Text_3,favorites_guide_1button,1,45
...,Text_6,favorites_guide_2button,1,45
...,Text_4_0,favorites_guide_2content,1,40
...,Text_fav,text_favorites,1,30
dialog_collect.csb,Text_new_0,favorites_guide_title,1,53
...,Text_new,favorites_guide_title,1,53
...,Text_content_0,favorites_guide_content,1,45
...,Text_content,favorites_guide_content,1,45
...,Text_btn,favorites_guide_button,1,40
Node_pumpkin_start.csb,Text_catch,nangua_catchme,1,53
Node_halloween_pumpkin.csb,Text_click_hint,nangua_clicktip,1,40
Node_share_contents_pumpkin.csb,share_level,,1,40
...,share_level_shadow,,1,40
...,Text_1,normal_allsuccess,1,53
...,Text_1_0,normal_allsuccess,1,53
dialog_3d_touch.csb,Text_title,iostentips_tit,1,80
...,Text_3dtouch,iostentips_con,1,40
...,Button_close,Confirm_btn,1,70
Node_hallunlock_master_dialog.csb,title_shadow,master_invite,1,90
...,title,master_invite,1,90
...,Text_in_progress,master_racegoing,1,70
...,Text_highest,master_bigbonus,1,70
...,Text_single_challenge,Text_challenge,1,75
...,Text_rank_hall,MASTER,1,40
...,Text_week_reward,master_week,1,80
...,Text_x,,2,n80
...,Text_world_tile,Text_world_tile,1,70
...,Text_world,Text_world,1,70
...,Text_yourbest,Text_popup1,1,70
BattleInfo_Content_master.csb,text_master_challenge,master_reward,1,45
...,text_tier_name_4,master_joinbonus,1,70
Node_hall_master_reward_tier.csb,Text_participate,master_joinbonus,1,45
Node_share_contents_hall.csb,text_challenge_master,Master Challenge,1,53
...,text_challenge_master_shadow,Master Challenge,1,53
...,share_tile,Text_world_tile,1,53
...,Text_mybest,,1,53
...,share_score,,2,n100
Node_share_contents_play.csb,share_hall_play_name,,1,hall_play_card
...,share_challeng,sharepic_title_challenge,1,60
...,share_tile,Text_world_tile,1,53
...,share_score,,2,n100
card_hall_master.csb,Text_rank_hall,MASTER,1,40
...,Text_world,Text_world,1,fb_login_ru_connect
...,Text_world_tile,Text_world_tile,1,fb_login_ru_connect
...,Text_you,Text_you,1,fb_login_ru_connect
...,Text_you_tile,Text_world_tile,1,fb_login_ru_connect
...,Text_challenge,challenge,1,70
...,Text_num_world,,2,n60
...,Text_num_you,,2,n60
...,Text_recieve,Text_recieve,1,70
...,Text_you_waiting,Text_you_waiting,1,60
dialog_wechat_share_redpacket.csb,title,wechat_title,1,100
...,title_shadow,wechat_title,1,100
...,Text_information,wechat_title2,1,70
...,Text_send,wechat_share,1,75
Node_redpacket_share_select.csb,Text_wechat,wechat_friends,1,30
...,Text_moments,wechat_community,1,30
Node_xmas_challenge_box_open.csb,Text_music,music_title,1,40
...,Text_congratulations,normal_allsuccess,1,60
...,Text_Get_0,,1,53
...,Text_Get,single_no1_view,1,53
Node_xmas_map.csb,Text_notice_1,map_xmas_intro1,1,30
...,Text_notice_2,map_xmas_intro2,1,22
...,Text_start_1,Play,1,40
...,Text_santa,map_allpass,1,22
card_quest.csb,Text_first,,1,70
...,Text_free,text_video,1,40
...,Text_sec,,1,70
...,Text_composer_locked,mission1_title2,1,22
...,Text_recieve,mission1_play,1,40
...,Text_diamond_num,mission1_play,2,35
...,Text_diamond_x,,2,40
...,Text_songnumber,mission1_play,2,28
...,Text_songname,mission1_play,1,53
...,Text_selected,mission2_title1,1,70
card_achievement.csb,Text_get,achievement_title1,1,70
...,Text_crown_num,,2,70
...,Text_1,mission1_receive,1,40
...,Text_composer_locked,,1,40
...,Text_3,,2,35
...,Text_5,,2,35
...,Text_2,,2,40
...,Text_4,,2,40
Node_ads_collect.csb,Text_3,pop_xmas_tit,1,53
...,Text_1,pop_xmas_sub,1,40
...,chongji_pop_btn,text_revival_button,1,40
...,Text_3_0,pop_xmas_tit,1,53
Node_moregame_content.csb,Text_2,,1,40
...,Text_2_0,,1,30
...,Text_3,,1,35
Node_moregame.csb,text_game,familygame_entrance,1,40
Layer_choselanguage.csb,Text_moregame,,1,40
Layer_choselanguage_xmas.csb,Text_moregame,,1,40
Layer_share_challenge.csb,text_songname,,1,53
...,share_level,,1,53
...,Text_success,normal_success,1,100
...,Text_fail,share_xmas_fail,1,100
buttongroup_again_new_xmas_challage.csb,Text_level,,1,75
Node_quest_tips.csb,Text_1,mission1_headphone,1,40
Node_quest_tips_pay.csb,Text_titile,mission2_title2,1,40
...,Text_content,mission2_details,1,30
...,Text_try,mission2_button,1,70
...,Text_14,,1,45
...,Text_11,,1,45
...,Text_11_1,,1,45
...,Text_11_0,,1,45
Node_cd_tips_xmas.csb,bidcd_tips_xmas,bigcd_tips_xmas,1,35
Node_xmas_map_detail_p.csb,Text_2,map_xmas_intro2ny,1,40
...,Text_complete,map_xmas_intro3ny,1,45
Node_xmas_map_detail_s.csb,Text_2,map_xmas_intro2ny,1,40
...,Text_complete,map_xmas_intro3ny,1,45
Node_xmas_map_detail_s7.csb,Text_2,map_xmas_intro2ny,1,40
...,Text_complete,map_allpassny2,1,30
...,Text_complete_0,map_allpassny1,1,vip_free
Node_xmas_map_content.csb,Text_notice_1,map_xmas_intro1ny,1,28
...,Text_notice_2,map_xmas_intro4ny,1,20
normal_pass_content_new_xmas_challenge.csb,Text_goon,normal_failny2,1,60
...,Text_fail,normal_failny1,1,60
...,Text_success,normal_failny4,1,60
...,Text_success_finale,normal_failny3,1,60
...,Text_songname,,1,40
...,Text_level,,1,60
Node_share_contents_challenge.csb,Text_success,normal_failny4,1,60
...,Text_fail,,1,60
Node_letter.csb,Text_songname,,1,53
...,Text_play,Play,1,45
...,Text_day,,1,53
Node_letter_get.csb,Text_songname,,1,53
...,Text_day,videosong_pop_sub,1,53
...,Text_play,Play,1,40
...,Text_wait,video_button2,1,40
...,Text_num,,2,n40
...,Text_x,,1,40
card_locked_video.csb,Text_songname_unlock,,1,70
...,Text_composer_locked,,1,28
...,Text_required,video_button2,1,40
...,Text_video,text_video,1,setting_fb_get
...,Text_stage_num,,2,n30
Node_card_week_tips.csb,Text_title,,1,53
...,Text_title_shadow,,1,53
...,Text_detial,,1,40
...,Text_detial_shadow,,1,40
...,Text_go,challenge_card_button,1,45
dialog_relogin.csb,logout_notification,,1,60
...,logout_notification_text,,1,40
...,logout_notification_text_0,,1,30
...,logout_notification_rightbtn,,1,70
...,text_reward,return_gift,1,40
Node_leaderboard_top.csb,Text_week_leaderboard,songrank_bannertit,1,60
...,Text_week_leaderboard_shadow,songrank_bannertit,1,60
...,Text_week_detail,songrank_bannersub,1,40
...,Text_week_detail_shadow,songrank_bannersub,1,40
buttongroup_again_new_video.csb,Text_time,Play,1,100
...,Text_2,,2,n60
buttongroup_again_new_time.csb,Text_time,,1,100
dialog_week_rules.csb,title,challenge_rule-all,1,45
...,text_1,challenge_rule_content_1,1,40
...,text_2,challenge_rule_content_2,1,40
...,text_2_0,challenge_rule_content_3,1,40
Node_leaderboard_rules.csb,Text_title,songrank_intro_tit,1,40
...,Text_detail,,1,30
Node_vedio_unlock_suc.csb,Text_Unlocked_shadow,videosong_fail,1,80
...,Text_Unlocked,videosong_fail,1,80
Node_video_tips.csb,Text_content,,1,35
BattleInfo_Content_video_tips.csb,text_geteaster_birthday,,1,53
Node_vedio_unlock_suc.csb,Text_Unlocked,videosong_success,1,80
...,Text_Unlocked_shadow,videosong_success,1,80
Node_banner_quest.csb,Text_title,mission_card_start,1,Node_banner_quest
...,chongji_pop_btn,Text_recieve,1,40
...,Text_3,mission_open,1,35
...,Text_title_shadow,mission_card_start,1,Node_banner_quest
Node_puzzle_reward.csb,Text_title,easter_collect_machievement,1,53
...,Text_title_shadow,easter_collect_machievement,1,53
...,text_get,Text_recieve,1,40
...,Text_4,,2,n60
...,Text_6,,2,n60
buttongroup_again_new_pay.csb,Text_x_0,,1,30
...,Text_num_0,,2,n30
...,Text_x,,1,100
...,Text_num,,2,n100
Node_radio.csb,text_radio,,1,40
BattleInfo_Content_common.csb,text_detial,Text_headphone,1,53
card_hall_play.csb,Text_num_world,,2,n60
...,Text_world,Text_world,1,fb_login_ru_connect
...,Text_world_tile,Text_world_tile,1,fb_login_ru_connect
...,Text_you_tile,Text_world_tile,1,fb_login_ru_connect
...,Text_num_you,,2,n60
...,Text_you,Text_you,1,fb_login_ru_connect
...,Button_challage,Text_world_tile,1,fb_login_ru_connect
...,Button_challenge_view,,1,70
...,Text_1,Text_view,1,70
...,Text_x,,2,n70
...,Text_num_cost,,2,n75
...,Text_challenge,challenge,1,70
...,Text_levelrequired,Text_levelrequired,1,60
...,Text_num_level,,2,n60
...,Text_level,Text_level,1,60
...,Text_you_waiting,Text_you_waiting,1,60
...,Text_home_congratulations,Text_home_congratulations,1,60
...,Text_you_unlocked,Text_you_unlocked,1,53
...,Text_home_howfast,Text_home_howfast,1,60
...,Text_you_testinthehall,Text_you_testinthehall,1,60
...,Text_comingsoon,Text_comingsoon,1,60
...,Text_rank_hall,BEGINNER,1,hall_play_card
...,Text_num_player,,2,n20
...,Text_rank,BEGINNER,1,40
...,Text_numplayer,,2,n20
UIHallLayer.csb,Text_speed,hall_speed,1,30
...,Text_play,hall_play,1,30
...,Text_gameplay,hall_classic,1,30
UIHallLayer_xmas.csb,Text_speed,hall_speed,1,30
...,Text_play,hall_play,1,30
...,Text_gameplay,hall_classic,1,30
card_remix.csb,Text_songname,,1,70
...,Text_compelte,favorites_diy_txt7,1,40
...,Text_play,Play,1,40
...,Text_creat,favorites_diy_txt6,1,40
...,Text_describe,favorites_diy_txt3,1,30
...,Text_add,favorites_diy_txt6,1,40
card_remix_blank.csb,Text_songname,favorites_diy_txt5,1,70
Layer_pay_package.csb,Text_title,Limitedbox_title,1,60
...,Text_title_shadow,Limitedbox_title,1,60
...,Text_time,,2,n35
...,Text_content,Limitedbox_content,1,35
...,Text_content_0,,1,35
...,Text_tips_0,Limitedbox_bottom,1,30
...,Text_btn,,1,45
...,Text_title_shadow_0,Limitedbox_title,1,60
...,Text_title_0,Limitedbox_title,1,60
...,Text_tips,Limitedbox_bottom,1,30
...,Text_continue,language_done,1,45
...,Text_no_network,no_gp,1,45
...,Text_songname,,1,60
...,Text_songname_0,,1,60
Node_puzzle.csb,Text_name_shadow,,1,70
...,Text_name,,1,70
...,Text_detial,,1,45
...,Text_1,,1,35
...,Text_2,,1,35
...,Text_play,,1,35
...,Text_x,,1,35
...,Text_complete_shadow,,1,70
...,Text_complete,,1,70
...,Text_num,,1,40
Node_quest_complete_tips.csb,Text_1,,1,40
Node_quest_puzzle_animation.csb,Text_1,mission_piece_receive,1,40
Node_setting_gp_content.csb,Text_1,Privacy_policy,1,40
card_locked_brithday2.csb,Text_1,,1,70
Layer_puzzle.csb,Text_1,,1,53
...,Text_title,,1,45
...,Text_1_shadow,,1,53
...,Text_content1,,1,45
...,Text_content2,,1,30
...,Text_4,,1,60
Node_birthday2_first_step1.csb,Text_num_2,,1,42
...,Text_num_0,,1,42
...,Text_num_1,,1,42
...,Text_num_5,,1,42
...,Text_num_6,,1,42
...,Text_num_7,,1,42
...,Text_composer,text_caption4_2years,1,60
Layer_littlestar_movie.csb,text_caption1,text_caption1_2years,1,45
...,text_caption2,text_caption2_2years,1,45
...,text_caption3,text_caption3_2years,1,45
...,Text_skip,beginning_jump_button,1,30
Node_brithday2_cicle.csb,Text_song_numb,text_caption5_2years,1,60
Layer_puzzle_cd_share.csb,Text_1,,1,53
...,Text_1_shadow,,1,53
Node_cd_puzzle_enter_tips.csb,Text_tap_me,Puzzle_guide_tips1,1,35
Node_cd_puzzle_enter_tips_xmas.csb,Text_tap_me,Puzzle_guide_tips1,1,35
Node_card_albun_sale.csb,Text_songname_unlock,,1,60
...,Text_composer_locked,,1,22
dialog_album_sale.csb,Text_reduce,,1,30
...,Text_check,challenge_card_button,1,45
dialog_collect_cd.csb,Text_collect,Puzzle_guide_tips2,1,53
...,Text_16,challenge_card_button,1,40
Node_collect_cd_dialog.csb,Text_2,collection_results_page,1,53
...,Text_get,challenge_card_button,1,53
Node_card_unlock_pay_tips.csb,Text_2,Puzzle_collection_toast4,1,30
card_recommend_song.csb,Text_tips,goldensong_card,1,70
...,Text_songname_unlock,,1,75
...,Text_try,goldensong_button,1,40
Layer_getCD_animation.csb,Text_1,Halloween_trip,1,45
...,Text_2,Puzzle_collection_btn,1,45
Node_puzzle_collect_cd_animation.csb,Text_congratulations,,1,60
...,Text_Get_0,Disc_unlock_success,1,53
...,Text_Get,single_no1_view,1,53
Node_tree_xmas_dialog_left.csb,Text_text,,1,35
Node_tree_xmas_dialog_right.csb,Text_text,,1,35
Node_tree_xmas_get_animation.csb,Text_1,christmastree_trip,1,53
...,Text_3,single_no1_view,1,45
Node_tree_xmas_selection.csb,Text_title,,1,53
...,Text_choose,,1,53
...,Text_share_content,christmastree_select_9,1,53
...,Text_share,share_title,1,53
...,Text_1,language_done,1,53
...,Text_content,valentine_invite_text1,1,35
Node_tree_xmas_gift.csb,Text_goldennum,,2,40
Node_tree_xmas_nogolden_dialog.csb,Text_1,,1,40
...,Text_2,,1,45
...,Text_1_0,valentine_lackcoins_text1,1,45
Node_tree_xmas_dialog_box_open.csb,Text_1_0,christmastree_allunlocked_title,1,60
...,Text_1_0_0,christmastree_allunlocked_title,1,60
...,Text_1,christmastree_allunlocked_content,1,35
...,Text_2,christmastree_allunlocked_button,1,45
...,Text_num,,1,45
...,Text_ok,button_ok,1,53
Node_tree_xmas_dialog_btn.csb,Text_1,language_done,1,53
Node_tree_xmas_box_animation1.csb,Text_go_1,language_done,1,53
Node_tree_xmas_box_animation2.csb,Text_go_2,language_done,1,53
Node_tree_xmas_box_animation3.csb,Text_go_3,language_done,1,53
Layer_share_tree_xmas.csb,Text_1,,1,35
card_locked_try.csb,Text_songname_unlock,,1,70
...,Text_composer_locked,,1,28
...,Text_required,,1,30
...,Text_1,Play,1,40
...,Text_required_unlock,,1,28
...,Text_songname_unlock_0,,1,28
...,Text_2,Text_recieve,1,40
Node_lucky_wheel.csb,Text_title_shadow,Text_content,1,60
...,Text_title,Text_content,1,60
...,Text_confirm,Text_recieve,1,53
...,Text_loading,loading,1,53
...,Text_1,turntable_Notimes_tips,1,35
...,Text_free,text_video,1,53
...,Text_time,turntable_button,1,53
Node_new_lucky_wheel.csb,Text_title_shadow,Text_content,1,60
...,Text_title,Text_content,1,60
...,Text_confirm,Text_recieve,1,53
...,Text_loading,loading,1,53
...,Text_free,text_video,1,53
...,Text_time,turntable_button,1,53
...,Text_props_name1,propsshop_levelkey,1,40
...,Text_props_name1_x,,1,30
...,Text_props_name2,propsshop_rescue,1,40
...,Text_props_name2_x,,1,30
...,Text_free_0,new_spin_2,1,53
...,Text_props_content,propsshop_package,1,30
...,Text_props_unlock_shadow,propsshop_package_title,1,45
...,Text_props_unlock,propsshop_package_title,1,45
...,Text_x_0,new_spin_1,1,30
...,Text_10,new_click_15,1,40
Node_btn_props_shop_video.csb,Text_1,video_button2,1,35
Node_continue_video_btn.csb,Text_1,text_revival2,1,45
Node_props_life_btn.csb,Text_1,text_revival4,1,45
BattleInfo.csb,Text_2,props_strengthen,1,28
Node_props_ftue_texture.csb,Text_1,,1,30
card_locked_video_new.csb,Text_songname_unlock,,1,70
...,Text_composer_locked,,1,28
...,Text_1,Play,1,40
...,Text_stage_num,,2,n30
...,Text_challenge,challenge,1,40
Node_valentine_car_box_animation1.csb,Text_go_1,language_done,1,53
Node_valentine_car_box_animation2.csb,Text_go_2,language_done,1,53
Node_valentine_car_box_animation3.csb,Text_go_3,language_done,1,53
Node_valentine_selection.csb,Text_title,,1,45
...,Text_choose,,1,53
...,Text_share_content,christmastree_select_9,1,53
...,Text_share,share_title,1,53
...,Text_1,language_done,1,53
...,Text_content,valentine_invite_text1,1,45
...,Text_song_name,,1,30
...,Text_play,Play,1,53
...,Text_title_1,valentine_song,1,53
Node_valentine_dialog_pros.csb,Text_title,valentine_invite,1,60
...,Text_title_0,valentine_invite,1,60
...,Text_time,,1,45
...,Text_time_0,valentine_invite_text2,1,30
...,Text_2,chongji_pop_btn,1,45
Node_valentine_heart.csb,Text_1,,1,40
dialog_card_original.csb,old_login_title,text_setting_musiccard,1,60
...,old_login_text,text_setting_subtitle1,1,40
...,old_login_text_0,text_setting_subtitle2,1,40
card_original.csb,text_title,text_setting_musiccard,1,40
dialog_props_buy_key.csb,Text_description,musickey_text,1,30
dialog_week_free_tips.csb,Text_title,weekend_title,1,53
...,Text_title_shadow,weekend_title,1,53
...,Text_content,weekend_text,1,35
...,Text_3,Text_play,1,40
Node_week_free.csb,Text_des1,weekend_select,1,28
...,Text_des2,weekend_unlock,1,30
card_selection_task.csb,Text_content,faded_invite_cover,1,30
...,Text_num1,,2,n28
...,Text_num3,,2,n28
...,Text_2,,1,40
...,Text_buy,,1,28
...,Text_buy_0,,1,28
node_selection_task_cell.csb,Text_fragment,,1,30
...,Text_fragment_num,,2,n28
...,Text_num1,,2,n28
...,Text_num3,,2,n28
...,Text_1,,1,40
node_selection_buy_cell.csb,Text_fragment,,1,30
...,Text_2,,1,40
card_locked_faded.csb,Text_2,chongji_pop_btn,1,40
...,Text_1,,1,40
...,Text_songname_unlock,,1,70
...,Text_composer_locked,,1,28
dialog_faded_start.csb,Text_check,,1,60
...,Text_1,,1,35
dialog_faded_play.csb,Text_play,,1,60
...,Text_1,,1,35
...,Text_congrat_shadow,,1,80
...,Text_congrat,,1,80
...,Text_success_shadow,,1,35
...,Text_success,,1,35
dialog_faded_try_buy.csb,Text_try,,1,40
...,Text_buy,,1,40
...,Text_tip_01,,1,53
...,Text_tip_02,,1,53
Node_collect_song_piece.csb,Text_congrat,Text_home_congratulations,1,60
...,Text_congrat_shadow,Text_home_congratulations,1,60
...,Text_1,faded_revival_tips4,1,40
...,Text_blue,videodiamond_card,1,40
...,Text_get_yellow,double_reward_new,1,40
card_locked_selection.csb,Text_2,faded_invite_text2,1,40
...,Text_1,,1,40
...,Text_songname_unlock,,1,70
...,Text_composer_locked,,1,28
Node_setting_eru_gdpr.csb,Text_1_0,gdpr_button_title1,1,53
...,textContent,gdpr_button_tips1,1,35
...,Text_1,Confirm,1,40
...,Text_2,Cancel,1,40
card_removedADs.csb,Text_opinion,AD_popus_title,1,53
...,Text_opinion_0,AD_popus_title,1,53
...,Text_3,christmastree_allunlocked_button,1,40
dialog_removedADs.csb,Text_title,AD_popus_title,1,60
...,Text_title_shadow,AD_popus_title,1,60
...,Text_3dtouch,AD_popus_text,1,40
...,Button_buy,christmastree_allunlocked_button,1,40
journey_life_001.csb,Text_titile,,1,40
...,Text_2,,1,35
dialog_jurneyofstar_success_failed.csb,Text_title1,,1,53
...,Text_revive1,,1,40
...,Text_title2,,1,35
...,Text_revive2,,1,40
...,Text_des,,1,45
...,Text_number,,2,26
...,Text_5,,1,40
...,Text_4,,1,53
...,Text_1,,2,30
journey_open.csb,Text_des,,1,35
...,Text_play,game_start,1,53
journey_card_001.csb,Text_songname_unlock,,1,60
...,Text_8,,1,40
Node_jos_start_prompt.csb,Text_2,,1,53
...,Text_2_0,,1,28
Node_result_button_guide_02.csb,Text_1,journey_stage_text2,1,30
...,Text_4,,1,35
Node_result_button_guide_01.csb,Text_01,faded_invite_text1,1,30
...,Text_01_0,,1,28
...,Text_1,msgcenter_unlock1,1,35
Node_jos_result_success.csb,Text_song_name,,1,35
...,text_checkpoint,,1,53
...,Text_success,normal_success,1,80
Node_jos_result_failed.csb,Text_song_name,,1,35
...,Text_checkpoint,,1,53
...,Text_fail,fail_tips,1,90
worldcup_open.csb,Text_des,,1,35
...,Text_play,game_start,1,53
card_selection_normal.csb,Text_2,Play,1,40
...,Text_1,,1,40
...,Text_songname_unlock,,1,70
...,Text_composer_locked,,1,28
...,Text_songname_unlock_0,,1,28
...,Text_buy,,1,28
...,Text_buy_0,,1,28
...,Text_sale,alan_card_Onefortwo,1,20
dialog_selection_buy.csb,Text_try,,1,45
...,Text_buy,,1,45
...,Text_tip_01,,1,53
...,Text_tip_02,,1,53
...,Text_tip_02_0_0,,1,60
dialog_selection_success.csb,Text_2_0_0,Text_home_congratulations,1,90
...,Text_2_0,,1,60
...,Text_2_1,,1,60
...,Text_2,videosong_success,1,60
...,Text_3,Text_play,1,60
dialog_selection_despacito.csb,Text_songname_0,Desp_invite_cover,1,40
...,Text_play,mission2_button,1,60
card_selection_task_list.csb,Text_1_0,Desp_obtained_text2,1,30
...,Text_1,Desp_obtained_text1,1,30
Node_home_btn_diamond_blue.csb,Text_get_blue_01,faded_invite_text2,1,28
dialog_selection_faded.csb,Text_1,,1,35
...,Text_check,,1,60
Node_home_btn_free_video_blue.csb,Button_buy4_blue,,1,none
...,Text_get_blue,text_video,1,40
...,Text_loading_blue,video_button2,1,40
Node_home_btn_diamond.csb,Text_get_y,faded_invite_text2,1,28
buttongroup_again_new_despacito.csb,Text_try,faded_invite_text2,1,100
node_store_tab.csb,Text_all,newshop_tab3,1,30
...,Text_chosen,newshop_tab,1,30
...,Text_fav,Get More Diamonds,1,30
...,Text_charts,,1,30
ui_store_01.csb,Text_1_0,,1,28
...,Text_1,,1,28
ui_store_item_cell_02.csb,Text_1_0,,1,35
...,Text_1,,1,35
...,Text_29_0,,1,40
...,Text_29,,1,40
ui_store_item_cell_01.csb,Text_2,,1,40
...,Text_3,,1,40
ui_store_item_success.csb,Text_get,,1,45
...,Text_tip,,1,30
ui_store_item_single_success.csb,Text_get,,1,45
ui_store_diamond_buy.csb,Text_title,,1,53
...,Text_video,,1,40
...,Text_buy1,,1,40
...,Text_buy2,,1,40
...,Text_buy3,,1,40
...,Text_buy4,,1,40
node_store_btn_free_video.csb,Text_get,text_video,1,40
...,Text_loading,video_button2,1,40
...,Text_2,,2,n30
ui_store_time_diamond.csb,Text_tip_02_0_0,libao_text7,1,70
...,Text_tip_02_0_0_0,libao_text7,1,70
...,Text_try,christmastree_allunlocked_button,1,40
...,Text_try_0,christmastree_allunlocked_button,1,40
...,sale_number,,1,100
...,sale_number_0,,1,100
ui_store_time_gift.csb,Text_tip_02_0_0,libao_text7,1,70
...,Text_tip_02_0_0_0,libao_text7,1,70
...,Text_try,christmastree_allunlocked_button,1,40
...,Text_try_0,christmastree_allunlocked_button,1,40
...,sale_number,,1,53
...,sale_number_0,,1,53
ui_store_item_icon.csb,Text_t,xslb_button,1,28
...,Text_t_0,xslb_button,1,28
...,Text_time,,1,20
ui_store_item_cell_03.csb,Text_1,,1,28
ui_store_01.csb,Text_num1,,2,n30
...,Text_num2,,2,n30
...,Text_num3,,2,n30
...,Text_num4,,2,n30
...,Text_num5,,2,n30
themetower_open.csb,Text_songname_0,,1,40
...,Text_1,Play,1,60
ui_store_relive_buy.csb,Text_15,,1,40
...,Text_9,,1,40
...,Text_31,,1,40
...,Text_13,,1,35
...,Text_14,,1,35
...,Text_tip_02_0_0_0,,1,53
ui_store_item_cell_04.csb,Text_1,,1,45
...,Text_1_0,,1,30
...,Text_1_0_0,,1,35
...,Text_3,,1,40
ui_store_item_cell_05.csb,Text_songname_locked,,1,70
...,Text_composer_locked,,1,28
...,Text_stage_num,,2,n30
...,Text_songname_unlock,,1,70
...,Button_Play,,1,none
...,Text_1,Play,1,40
...,Text_required,Text_level_required,1,30
...,Text_num_level,,2,n22
...,Text_level,Text_level,1,40
...,Button_rank_first,,2,none
...,Button_rank,,2,none
...,Text_rank_num_first,,2,n22
...,Text_rank_num,,2,n22
...,Text_2,chongji_listtip,1,30
...,Text_update,updateversion,1,30
dialog_selection_success_album.csb,Text_2_0_0,Text_home_congratulations,1,90
...,Text_2_0,,1,60
...,Text_2_1,,1,60
...,Text_2,videosong_success,1,60
...,Text_3,gift_ok,1,60
card_locked_pay_album.csb,Text_1,faded_invite_text2,1,40
...,Text_challenge,album_button_buy,1,40
...,Text_songname_unlock,,1,70
...,Text_composer_locked,,1,28
...,Text_play,Play,1,40
card_album_guide.csb,Text_songname_unlock,,1,70
...,Text_composer_locked,,1,28
...,Text_1,album_button_view,1,40
dialog_selection_alone.csb,Text_1,,1,35
...,Text_check,,1,60
dialog_jurneyofstar_success_failed_testb.csb,Text_title1,,1,53
...,Text_revive1,,1,40
...,Text_title2,,1,35
...,Text_revive2,,1,40
...,Text_des,,1,45
...,Text_number,,2,26
...,Text_5,,1,40
...,Text_4,,1,53
journey_life_001_testb.csb,Text_titile,,1,40
...,Text_2,,1,35
Node_jos_result_success_testb.csb,Text_song_name,,1,35
...,text_checkpoint,,1,53
...,Text_success,normal_success,1,80
Node_jos_result_failed_testb.csb,Text_song_name,,1,35
...,Text_checkpoint,,1,53
...,Text_fail,fail_tips,1,90
dialog_jurneyofstar_Projectile.csb,Text_4,,1,53
...,Text_5,,1,40
ui_store_item_icon_cn.csb,Text_t,xslb_button,1,28
...,Text_t_0,xslb_button,1,28
...,Text_time,,1,20
Node_levelup_btn_free_video_blue.csb,Text_get_blue,faded_invite_text4,1,40
ui_dailytask.csb,Text_tip_01,dailytask_title,1,53
...,Text_tip_02,dailytask_text1,1,30
...,Text_tip_03,dailytask_text2,1,22
...,Text_tip_04,weeklyscore_title,1,22
card_dailytask.csb,Text_Info,weeklyscore_title,1,35
...,Text_1,text_revival_button,1,40
node_dailytask_cell.csb,Text_Go,text_revival_button,1,40
...,Text_Rec,Text_recieve,1,40
...,Text_Info,,1,28
ui_halloween_failed_relive.csb,Text_title1,,1,53
...,Text_revive1,,1,40
...,Text_title2,,1,35
...,Text_revive2,,1,40
...,Text_des,,1,45
...,Text_number,,2,26
...,Text_5,,1,40
...,Text_4,,1,53
...,Text_1,,2,30
ui_halloween_open.csb,Text_des,,1,30
...,Text_play,,1,53
ui_halloween.csb,Text_start,candyparty_activity_button1,1,40
...,Text_cardCD_InnerBtn,candyparty_activity_button2,1,40
...,Text_Halloween_Title,candyparty_activity_title,1,45
...,Text_info_default,candyparty_activity_descript1,1,28
...,Text_cardCD_info,candyparty_activity_descript2,1,28
...,Title_basic_reward,candyparty_activity_button1_tips1,1,28
...,Title_diff,candyparty_activity_tips4,1,28
...,Title_cardCD,candyparty_count,1,22
card_halloween.csb,Text_play,,1,40
...,Text_title,,1,35
...,Text_countdown_title,,1,28
...,Text_time,,1,28
...,Text_round,,1,28
ui_halloween_reward.csb,Text_tip_01,candyparty_reward_title,1,53
...,Text_tip_02,candyparty_reward_tips1,1,22
ui_halloween_reward_cell.csb,Text_Rec,Text_recieve,1,40
ui_halloween_result_success.csb,text_countdown,,1,40
...,text_checkpoint,,1,53
...,Text_song_name,,1,40
...,Text_success,normal_success,1,80
ui_halloween_result_failed.csb,Text_countdown,,1,40
...,Text_checkpoint,,1,53
...,Text_fail,fail_tips,1,80
...,Text_song_name,,1,40
ui_halloween_bottle.csb,Text_tip_01,candyparty_magic_title,1,53
...,Text_tip_02,,1,28
ui_halloween_bottle_battle.csb,Text_1,candyparty_activity_button1_tips1,1,40
Node_jos_result_success_failde_btn.csb,Text_continue,text_revival1,1,40
card_vip_guide.csb,Text_songname,vip_privilege_text2,1,70
...,Text_describe,,1,30
...,Text_1,,1,30
...,Text_7,,1,40
ui_halloween_video_btn.csb,Text_1,,1,45
ui_journeyofstar_video_btn.csb,Text_1,,1,45
ui_pianist.csb,Text_start,candyparty_activity_button1,1,40
...,Text_cardCD_InnerBtn,pianist_activity_tips4,1,40
...,Text_pianist_Title,pianist_activity_title,1,45
...,Text_info_default,pianist_activity_descript1,1,28
...,Text_cardCD_info,pianist_activity_descript2,1,28
...,Title_basic_reward,candyparty_activity_button1_tips1,1,28
...,Title_diff,candyparty_activity_tips4,1,28
...,Title_cardCD,candyparty_count,1,22
...,Text_tip_title,,1,35
...,Text_tip_content,,1,30
ui_pianist_failed_relive.csb,Text_title1,,1,53
...,Text_revive1,,1,40
...,Text_title2,,1,35
...,Text_revive2,,1,40
...,Text_des,,1,45
...,Text_number,,2,26
...,Text_5,,1,40
...,Text_4,,1,53
...,Text_1,,2,30
...,Text_title3,,1,53
...,Text_des3,,1,35
...,Text_revive3,,1,40
ui_pianist_reward.csb,Text_tip_01,candyparty_reward_title,1,53
...,Text_tip_02,pianist_reward_tips1,1,22
ui_pianist_reward_cell.csb,Text_Rec,Text_recieve,1,40
ui_pianist_video_btn.csb,Text_1,,1,45
ui_pianist_result_success.csb,text_countdown,,1,40
...,text_checkpoint,,1,53
...,Text_song_name,,1,40
...,Text_success,normal_success,1,80
...,Text_prompt,,1,28
ui_pianist_result_failed.csb,Text_countdown,,1,40
...,Text_checkpoint,,1,53
...,Text_fail,fail_tips,1,80
...,Text_song_name,,1,40
...,Text_prompt,,1,28
ui_pianist_bottle.csb,Text_tip_01,pianist_energy_title,1,53
...,Text_tip_02,,1,28
ui_pianist_prompt_ordinary.csb,Text_1,class_awards,1,40
ui_pianist_prompt_special.csb,Text_1_0,pianist_activity_tips3,1,35
card_pianist.csb,Text_play,,1,40
...,Text_title,,1,35
...,Text_countdown_title,,1,28
...,Text_time,,1,28
...,Text_round,,1,28
ui_pianist_open.csb,Text_des,,1,30
...,Text_play,Play,1,53
...,Text_des_0,pianist_activity_title,1,53
ui_pianist_card.csb,Text_difficult,,1,28
ui_pianist_letter.csb,Text_title,,1,53
...,Text_des,,1,35
...,Text_play,,1,45
ui_pianist_leaderboard_entrance.csb,Text_ranking,,1,20
ui_pianist_leaderboard.csb,Text_tip_01,,1,45
...,Text_tip_02,,1,30
...,Text_ok,,1,40
ui_pianist_leaderboard_cell.csb,Text_name,,3,22
ui_pianist_leaderboard_cell_special.csb,Text_name,,3,22
ui_pianist_prompt_1.csb,gift_ok,,1,40
...,challenge_over_prompt_1,,1,40
dialog_selection_spectre.csb,Text_check,,1,60
ui_store_item_cell_06.csb,Text_1,AD_popus_title,1,35
...,Text_2,AD_popus_text,1,22
...,Text_buy_2,,1,35
card_album_sale.csb,Text_songname_unlock,alan_card_Onefortwo,1,70
...,Text_songname_unlock_0,alan_card_Onefortwo,1,70
...,Text_1,christmastree_allunlocked_button,1,35
dialog_selection_alan.csb,Text_2,album_hot,1,60
...,Text_1,album_Alanwalker_tips,1,30
...,Text_buy_1,,1,45
ui_pianist_prompt_2.csb,Text_2,,1,45
...,Text_3,no_network,1,30
...,Text_1,pianist_rank_account3,1,22
...,Text_4,language_done,1,40
ui_pianist_duan.csb,Text_tip_01,pianist_rank_tittle2,1,45
...,Text_tip_02,pianist_rank_tittle3,1,28
...,Text_ok,language_done,1,40
ui_pianist_leaderboard_flag_all.csb,Text_1,pianist_rank_tittle2,1,28
ui_pianist_leaderboard_flag.csb,Text_name,,1,30
ui_pianist_duan_prompt.csb,Text_2,,1,45
...,Text_4,,1,45
...,Text_4_0,,1,45
...,Text_3,,1,28
...,Text_button_4,language_done,1,40
ui_pianist2018_enter.csb,Text_JourneyTime,,1,22
ui_store_ad_result_guide.csb,text_shadow_1,AD_popus_title,1,30
...,text_info_1,AD_popus_title,1,30
...,text_price_1,christmastree_allunlocked_button,1,35
...,text_shadow_2,journey_stage_text2,1,28
...,text_info_2,journey_stage_text2,1,28
...,text_price_2,christmastree_allunlocked_button,1,35
...,text_price_3,christmastree_allunlocked_button,1,35
...,text_box_name,,1,22
ui_store_ad_sale_popup.csb,Text_1,album_Alanwalker_sale,1,53
...,Text_1_1,album_Alanwalker_sale,1,53
...,Text_2_2,sale_rescue_AD,1,22
...,Text_2,,2,35
...,Text_2_0,,2,28
...,Text_buy,,1,40
ui_store_ad_prompt.csb,Text_congrat,AD_popus_title,1,60
...,Text_yellow,christmastree_allunlocked_button,1,40
...,Text_1,Remove_Ads_Detail,1,30
...,Text_1_0,accept_Ads,1,30
themelove_open.csb,Text_des,,1,35
...,Text_play,game_start,1,53
ui_store_item_cell_07_card.csb,Text_1,AD_popus_title,1,35
...,Text_2,AD_popus_text,1,22
...,Text_buy_2,,1,35
ui_mainline_card.csb,Text_countdown_number_bg,,1,28
...,Text_countdown_number,,1,28
...,Text_countdown_bg,candyparty_count,1,28
...,Text_countdown,candyparty_count,1,28
...,Text_number_bg,,2,45
...,Text_number,,2,45
...,Text_ranking_bg,,1,30
...,Text_ranking,,1,30
...,Text_title_bg,,1,53
...,Text_title,,1,53
...,Text_all,,1,28
...,Text_all_bg,,1,28
ui_mainline_duan.csb,Text_tip_01,pianist_rank_tittle2,1,45
...,Text_tip_02,pianist_rank_tittle3,1,28
...,Text_ok,language_done,1,40
ui_mainline_duan_prompt.csb,Text_2,,1,45
...,Text_4,,1,45
...,Text_4_0,,1,45
...,Text_3,,1,28
...,Text_button_4,language_done,1,40
ui_mainline_leaderboard.csb,Text_tip_01,,1,45
...,Text_tip_02,,1,30
...,Text_ok,,1,40
ui_mainline_leaderboard_cell.csb,Text_name,,3,22
ui_mainline_leaderboard_cell_special.csb,Text_name,,3,22
ui_mainline_leaderboard_flag_all.csb,Text_1,pianist_rank_tittle2,1,28
ui_mainline_leaderboard_flag.csb,Text_name,,1,30
ui_mainline_letter.csb,Text_title,,1,53
...,Text_des,,1,28
...,Text_play,,1,45
...,Text_des_0,,1,30
ui_mainline_prompt.csb,Text_2,,1,45
...,Text_3,no_network,1,30
...,Text_1,pianist_rank_account3,1,28
...,Text_4,language_done,1,40
ui_starchest_popup.csb,Text_1_bg,title_receive_rewards,1,53
...,Text_1,title_receive_rewards,1,53
...,Text_get,faded_invite_text4,1,45
...,Text_content,starbox_open,1,30
...,Text_get_yellow,double_reward_new,1,40
ui_newguide.csb,Text_1,,1,35
...,Text_2,new_click_15,1,35
ui_checkIn.csb,Text_tip_bg,login_reward_title,1,60
...,Text_tip,login_reward_title,1,60
ui_checkIn_cell_faded.csb,Text_day,,1,40
...,Text_content,login_reward_4,1,22
...,Text_2,,1,53
ui_checkIn_cell_box.csb,Text_day,,1,40
ui_checkIn_cell.csb,Text_day,,1,35
normal_pass_content_guide.csb,Text_songname,,1,45
...,score,,2,n100
...,score_shadow,,2,n100
...,Text_best,Best,1,40
...,exp_num,,2,n35
...,exp_add,,2,n53
...,reward_num,,2,n35
...,Text_1,,1,40
...,reward_add,,2,n53
...,Text_fail,,1,35
...,Text_video_unlock_fail,videosong_fail,1,100
...,Text_2,text_try_again,1,45
...,Text_tips,,1,35
...,Text_fragment,song_clips,1,35
...,Text_fragment_complete_shadow,text_end,1,80
...,Text_fragment_complete,text_end,1,80
...,Text_remix_describe,favorites_diy_result_txt1,1,53
...,Text_remix_describe_shadow,favorites_diy_result_txt1,1,53
...,Text_remix_name,,1,60
...,Text_remix_name_shadow,,1,60
ui_newguide_teaching.csb,Text_3,Button_playon,1,40
dialog_props_buy.csb,Text_title,props_tips_title,1,53
...,Text_title_shadow,props_tips_title,1,53
...,Text_description,,1,30
...,Text_unlock,,1,40
normal_pass_content_new_new.csb,Text_songname,,1,45
...,score,,2,n100
...,score_shadow,,2,n100
...,Text_best,Best,1,40
...,exp_num,,2,n35
...,exp_add,,2,n53
...,reward_num,,2,n35
...,Text_1,,1,40
...,reward_add,,2,n53
...,Text_fail,,1,35
...,Text_video_unlock_fail,videosong_fail,1,100
...,Text_2,text_try_again,1,45
...,Text_tips,,1,35
...,Text_fragment,song_clips,1,35
...,Text_fragment_complete_shadow,text_end,1,80
...,Text_fragment_complete,text_end,1,80
...,Text_remix_describe,favorites_diy_result_txt1,1,53
...,Text_remix_describe_shadow,favorites_diy_result_txt1,1,53
...,Text_remix_name,,1,60
...,Text_remix_name_shadow,,1,60
Node_result_panel_gold.csb,Text_title,class_awards,1,35
Node_levelup_btn_free_video_yellow.csb,Text_get_yellow,triple_reward_new,1,40
ui_clover_card.csb,Text_countdown_number_bg,,1,28
...,Text_countdown_number,,1,28
...,Text_countdown_bg,candyparty_count,1,28
...,Text_countdown,candyparty_count,1,28
...,Text_number_bg,,2,45
...,Text_number,,2,45
...,Text_ranking_bg,,1,30
...,Text_ranking,,1,30
...,Text_title_bg,,1,53
...,Text_title,magic_clover_title,1,53
...,Text_all,,1,28
...,Text_all_bg,,1,28
ui_clover_duan.csb,Text_tip_01,magic_clover_title,1,45
...,Text_tip_02,magic_clover_describe,1,28
...,Text_ok,language_done,1,40
ui_clover_duan_prompt.csb,Text_2,magic_clover_title,1,45
...,Text_4,,1,45
...,Text_4_0,,1,45
...,Text_3,,1,28
...,Text_button_4,language_done,1,40
ui_clover_leaderboard.csb,Text_tip_01,magic_clover_title,1,45
...,Text_tip_02,team_guide_title,1,30
...,Text_ok,,1,40
...,Text_title,team_guide_title,1,28
ui_clover_leaderboard_cell.csb,Text_name,,3,22
ui_clover_leaderboard_cell_special.csb,Text_name,,3,22
ui_clover_leaderboard_flag_all.csb,Text_1,pianist_rank_tittle2,1,28
ui_clover_leaderboard_flag.csb,Text_name,,1,30
ui_clover_letter.csb,Text_title,magic_clover_title,1,53
...,Text_des,magic_clover_text,1,28
...,Text_play,magic_clover_button,1,45
...,Text_des_0,magic_clover_text,1,30
...,Text_1,,1,28
ui_clover_prompt.csb,Text_2,magic_clover_title,1,45
...,Text_3,no_network,1,30
...,Text_1,magic_clover_describe,1,28
...,Text_11,,1,28
...,Text_11_0,pianist_rank_account3,1,28
card_locked_level_gold.csb,Text_play,Play,1,40
...,Text_songname_unlock,,1,70
...,Text_composer_locked,,1,28
...,Text_rank_num_first,,2,n22
...,Text_rank_num,,2,n22
...,Text_required,Text_level_required,1,30
ui_clover_turntable.csb,Text_top,reward_process,1,70
...,Text_down,lucky_reward_unwanted,1,40
...,Text_get_yellow,lucky_reward_collect,1,53
ui_clover_guide.csb,Text_title,team_rules_title,1,60
...,Text_content,team_rules_text1,1,28
...,Text_content_1,team_rules_text2,1,28
...,Text_content_2,team_rules_text3,1,28
...,Text_down,new_click_15,1,40
ui_clover_guide_progress.csb,Text_content_5,team_guide_text,1,28
...,Text_title,team_guide_title,1,28
ui_clover_result.csb,Text_top,reward_title,1,60
...,Text_receive,class_collect,1,45
...,Text_6,reward_process,1,53
...,Text_title,reward_process,1,30
ui_clover_item_success.csb,Text_bg,reward_process,1,53
...,Text_1,reward_process,1,53
...,Text_get,class_collect,1,45
ui_clover_turntable_reward.csb,Text_number,,1,80
dialog_version_update.csb,Text_title_exit,version_update,1,60
...,Text_wanttoquit,version_update,1,40
...,Button_playon,Button_playon,1,70
...,Button_quit,Button_quit,1,70
ui_store_item_cell_new_vip.csb,Text_buy_2,vip_price3,1,35
...,Text_title,VIP_week_titile,1,35
...,Text_1,vip_privilege_text4,1,22
...,Text_2,VIP_week_Energies,1,22
...,Text_3,VIP_week_reviving,1,22
...,Text_4,vip_privilege_text3,1,22
...,Text_5,vip_privilege_text2,1,22
ui_store_item_cell_new_vip_homecard.csb,Text_buy_2,vip_price3,1,35
...,Text_title,VIP_week_titile,1,35
...,Text_1,vip_privilege_text4,1,22
...,Text_2,VIP_week_Energies,1,22
...,Text_3,VIP_week_reviving,1,22
...,Text_4,vip_privilege_text3,1,22
...,Text_5,vip_privilege_text2,1,22
ui_store_item_cell_new_vip_result.csb,Text_buy_2,vip_price3,1,35
...,VIP_Title,VIP_week_titile,1,35
...,VIP_Text_1,vip_privilege_text4,1,20
...,VIP_Text_2,VIP_week_Energies,1,20
...,VIP_Text_3,VIP_week_reviving,1,20
...,VIP_Text_4,vip_privilege_text3,1,20
...,VIP_Text_5,vip_privilege_text2,1,20
ui_newvip_open.csb,Text_title,VIP_week_titile,1,60
...,Text_start,vip_privilege_text7,1,40
...,Text_restore,recover_buy,1,28
...,Text_rule,SubcriptionDescribe,1,20
...,Text_down_1,Privacy_policy,1,28
...,Text_down_2,gdpr_button5,1,28
...,Icon_1_Text,vip_privilege_text4,1,28
...,Icon_2_Text,VIP_week_Energies,1,28
...,Icon_3_Text,VIP_week_reviving,1,28
...,Icon_4_Text,vip_privilege_text3,1,28
...,Icon_5_Text,vip_privilege_text2,1,28
...,Icon_6_Text,vip_privilege_text6,1,28
...,Price_Text,,1,40
ui_newvip_common.csb,Text_title,VIP_week_titile,1,60
...,Text_start,vip_privilege_text7,1,40
...,Text_restore,recover_buy,1,28
...,Text_rule,SubcriptionDescribe,1,20
...,Text_down_1,Privacy_policy,1,28
...,Text_down_2,gdpr_button5,1,28
...,Icon_1_Text,vip_privilege_text4,1,28
...,Icon_2_Text,VIP_week_Energies,1,28
...,Icon_3_Text,VIP_week_reviving,1,28
...,Icon_4_Text,vip_privilege_text3,1,28
...,Icon_5_Text,vip_privilege_text2,1,28
...,Icon_6_Text,vip_privilege_text6,1,28
...,Price_Text,,1,40