Id,Mid,Type,Lock,NeedLv,NeedGold,NeedDiamond,NeedCrow,NeedCrow2,Musiclevel,RewarID,LocalMusicVer,Recommend,MusicCard,FavoriteRate,Playmark,Stylelabel,Fallingrate,TID,,GoldenSong,MusicTime,HomeOrder,VipMusicVersion,VipCn,ProduceId,card_selection,needvideo
序号,唯一标识,歌曲类型:1=等级 2=购买 3=竞技场 10=班级歌曲 15=FB 16=流行,解锁方式 1等级 2金币 13钻石 14VIP 15FB 16视频 17等级歌音乐钥匙 18音乐钥匙 19内购解锁 22专辑解锁,所需等级,解锁需花费金币,解锁需要钻石数,解锁所需星星,解锁所需皇冠,X=（歌曲速度-60）/40,关卡100X 购买200X,判断是否为最新歌曲,推荐歌曲,对应头部卡片,热门指数,玩法备注：1黑块2长条3双黑4狂戳5滑块6爆裂块,风格备注：1民谣 2奏鸣曲 3练习曲 4艺术歌曲 5夜曲 6进行曲 7舞曲 8探戈歌曲 9钢琴小品 10交响曲 11变奏曲 12小奏鸣曲 13小夜曲 14回旋曲 15拉格泰姆 16歌剧序曲 17创意曲 18幽默曲 19组曲 20未知 21即兴曲 22管弦乐曲 23协奏曲 24狂想曲 25赋格 26前奏曲 27歌剧选段 28浪漫曲 29重奏曲 30大提琴组曲 31小佐达坎 32中国乐曲 33沉思曲 34安魂曲 35托卡塔 36梦幻曲 37间奏曲 38宗教歌曲 39康塔塔 40帕蒂塔 41随想曲 42沉重 43急促 44欢快 45活泼 46抒情 47中性 48忧伤 49明亮 50热烈 51清新,备注：X表示试玩片段降速的百分比，0表示试玩片段不降速,,难度分档1：X<=300，2：300<X<=360，3：X>360,首页歌曲推荐标记（1 有效）,歌曲生效时间戳,Home页排序,VIP歌曲期数,国内版VIP处理,商品id,内购歌曲卡,等级宝箱歌曲解锁视频
1,100001,1,1,1,,,,,1,1,,,,50,1,1,,song_tag_1,1,,,,,,,,
2,100002,1,1,2,,,,,2,2,,,,97,1,1,,song_tag_1,1,,,,,,,,
3,100003,1,1,2,,,,,2,2,,1,,112,2,25,,song_tag_8,1,,,,,,,,
4,100004,1,1,2,,,,,2,2,,,,66,2,1,,song_tag_1,1,,,,,,,,
5,100441,1,2,2,300,,,,5,4,1,,,129,2,9,,song_tag_22,1,1,,,,,,,4
6,100140,1,2,2,500,,,,2,5,,1,,56,1,7,,song_tag_5,1,1,,,,,,,3
7,100005,1,1,3,,,,,2,3,,,,67,2,1,,song_tag_1,1,,,,,,,,
8,100006,1,1,3,,,,,3,4,,,,50,3,3,,song_tag_6,1,,,,,,,,
9,100007,1,1,3,,,,,3,4,,1,,89,1,46,,song_tag_11,1,,,,,,,,
10,100616,1,2,3,350,,,,4,5,9,1,,50,1,9,,song_tag_22,1,,,,,,,,
11,100409,1,2,3,550,,,,3,7,3,1,,114,5,9,,song_tag_22,1,1,,,,,,,3
12,100008,1,1,4,,,,,3,5,,1,,57,2,1,,song_tag_1,1,,,,,,,,
13,100009,1,1,4,,,,,3,5,,1,,44,3,1,,song_tag_1,1,,,,,,,,
14,100010,1,1,4,,,,,4,6,,,,70,2,1,,song_tag_1,1,,,,,,,,
15,100555,1,2,4,400,,,,3,9,6,1,,50,3,9,,song_tag_22,1,1,,,,,,,
16,100613,1,2,4,600,,,,6,10,9,,,50,2,,,,1,,,,,,,,3
17,100011,1,1,5,,,,,3,7,,1,,46,2,4,,song_tag_3,1,,,,,,,,
18,100012,1,1,5,,,,,4,8,,1,,40,1,1,,song_tag_1,1,,,,,,,,
19,100013,1,1,5,,,,,4,8,,,,73,2,5,,song_tag_21,1,,,,,,,,
20,100688,1,2,5,450,,,,3,11,12,,,50,2,4,,song_tag_3,1,,,,,,,,
21,100053,1,2,5,650,,,,3,13,,1,,183,4,9,,song_tag_22,1,,,,,,,,3
22,100014,1,1,6,,,,,4,9,,,,46,3,6,,song_tag_4,1,,,,,,,,
23,100015,1,1,6,,,,,5,10,,1,,49,1,7,,song_tag_5,1,,,,,,,,
24,100016,1,1,6,,,,,5,10,,1,,47,3,7,,song_tag_5,1,,,,,,,,
25,100705,1,2,6,500,,,,3,13,14,,,50,1,,,,1,,,,,,,,
26,100073,1,2,6,700,,,,2,14,,1,,49,1,10,,song_tag_23,1,1,,,,,,,4
27,100017,1,1,7,,,,,4,11,,,,52,1,8,,song_tag_5,1,,,,,,,,
28,100020,1,1,7,,,,,4,14,,,,40,2,7,,song_tag_5,1,,,,,,,,
29,100018,1,1,7,,,,,5,12,,,,47,2,9,10,song_tag_22,2,,,,,,,,
30,100096,1,2,7,550,,,,1,16,,1,,39,1,13,,song_tag_7,1,,2018/2/14 00:00,,,,,,
31,100084,1,2,7,750,,,,2,17,,1,,34,3,1,,song_tag_1,1,1,,,,,,,4
32,100023,1,1,8,,,,,7,16,,1,,42,1,38,,song_tag_14,1,,,,,,,,
33,100024,1,1,8,,,,,7,16,,1,,45,1,7,,song_tag_5,1,,,,,,,,
34,100021,1,1,8,,,,,6,15,,,,61,2,7,,song_tag_5,2,,,,,,,,
35,100163,1,2,8,600,,,,1,25,,,,32,1,1,,song_tag_1,1,1,,,,,,,
36,100139,1,2,8,800,,,,2,27,,1,,49,1,4,,song_tag_3,1,1,,,,,,,4
37,100026,1,1,9,,,,,7,17,,,,39,1,2,,song_tag_2,1,,,,,,,,
38,100057,1,1,9,,,,,5,42,,1,,42,3,20,,song_tag_25,1,,,,,,,,
39,100025,1,1,9,,,,,7,16,,1,,66,1,7,10,song_tag_5,2,,,,,,,,
40,100685,1,2,9,650,,,,5,29,12,,,50,1,40,,song_tag_10,1,,,,,,,,
41,100428,1,2,9,850,,,,3,30,1,,,143,1,9,,song_tag_22,1,1,,,,,,,4
42,100060,1,1,10,,,,,5,44,,,,36,2,7,,song_tag_5,1,,,,,,,,
43,100063,1,1,10,,,,,6,1005,,,,26,1,22,,song_tag_4,1,,,,,,,,
44,100027,1,1,10,,,,,8,18,,,,51,2,10,,song_tag_23,2,,,,,,,,
45,100320,1,2,10,700,,,,5,33,,,,66,1,1,,song_tag_1,1,,,,,,,,
46,100681,1,2,10,900,,,,4,36,12,,,50,1,,,,1,,,,,,,,4
47,100066,1,1,11,,,,,5,1005,,1,,38,1,23,,song_tag_4,1,,,,,,,,
48,100029,1,1,11,,,,,8,20,,,,32,1,12,,song_tag_2,2,,,,,,,,
49,100030,1,1,11,,,,,8,20,,,,34,1,3,10,song_tag_6,2,,,,,,,,
50,100397,1,2,11,750,,,,7,40,,,,44,2,27,,song_tag_26,1,,,,,,,,
51,100433,1,2,11,950,,,,5,44,1,,,133,3,9,,song_tag_22,1,1,,,,,,,4
52,100069,1,1,12,,,,,2,1002,,,,28,1,1,,song_tag_1,1,,,,,,,,
53,100032,1,1,12,,,,,8,22,,1,,45,3,9,10,song_tag_22,2,,,,,,,,
54,100033,1,1,12,,,,,7,23,,,,57,1,13,10,song_tag_21,2,,,,,,,,
55,100182,1,2,12,800,,,,4,40,,1,,34,1,1,,song_tag_1,1,,,,,,,,
56,100430,1,2,12,1000,,,,4,44,1,,,164,1,9,,song_tag_22,1,1,,,,,,,4
57,100070,1,1,13,,,,,3,1003,,,,27,1,1,,song_tag_1,1,,,,,,,,
58,100035,1,1,13,,,,,7,24,,,,30,1,3,10,song_tag_6,2,,,,,,,,
59,100038,1,1,13,,,,,7,27,,,,24,1,2,10,song_tag_2,2,,,,,,,,
60,100461,1,2,13,850,,,,4,40,2,1,,93,1,29,,song_tag_4,1,,,,,,,,
61,100766,1,2,13,1050,,,,5,44,18,,,50,2,,,,1,,,,,,,,
62,100343,1,17,13,,,,4,4,2004,,1,,138,1,45,,song_tag_17,1,1,,,,,,,4
63,100080,1,1,14,,,,,6,1005,,1,,25,1,2,,song_tag_2,1,,,,,,,,
64,100041,1,1,14,,,,,7,30,,,,50,1,15,10,song_tag_24,2,,,,,,,,
65,100044,1,1,14,,,,,8,33,,1,,36,2,6,10,song_tag_4,2,,,,,,,,
66,100577,1,2,14,900,,,,6,47,7,,,50,1,29,,song_tag_4,1,,2018/2/14 00:00,,,,,,
67,100268,1,2,14,1100,,,,2,48,,,,25,1,46,,song_tag_11,1,,2018/2/14 00:00,,,,,,
68,100089,1,1,15,,,,,8,1008,,,,23,1,7,,song_tag_5,1,,,,,,,,
69,100058,1,1,15,,,,,7,47,,1,,50,2,18,10,song_tag_9,2,,,,,,,,
70,100028,1,1,15,,,,,9,19,,1,,58,1,11,10,song_tag_4,3,,,,,,,,
71,100426,1,2,15,950,,,,3,47,1,,,133,1,9,,song_tag_22,1,,,,,,,,
72,100072,1,2,15,1150,,,,2,48,,,,22,1,1,,song_tag_1,1,1,,,,,,,4
73,100103,1,1,16,,,,,4,1004,,,,24,1,7,,song_tag_5,1,,,,,,,,
74,100061,1,1,16,,,,,6,45,,1,,29,1,19,10,song_tag_10,2,,,,,,,,
75,100031,1,1,16,,,,,9,21,,,,43,1,2,10,song_tag_2,3,,,,,,,,
76,100431,1,2,16,1000,,,,6,1001,1,1,,154,1,9,,song_tag_22,1,,,,,,,,
77,100176,1,2,16,1200,,,,3,1003,,1,,35,1,1,,song_tag_1,1,1,,,,,,,4
78,100112,1,1,17,,,,,4,1004,,,,25,1,11,,song_tag_4,1,,,,,,,,
79,100064,1,1,17,,,,,7,1006,,,,32,1,20,10,song_tag_25,2,,,,,,,,
80,100034,1,1,17,,,,,8,22,,1,,51,1,9,10,song_tag_22,3,,,,,,,,
81,100438,1,2,17,1050,,,,4,1001,1,1,,150,1,9,,song_tag_22,1,,,,,,,,
82,100074,1,2,17,1250,,,,2,1003,,1,,29,1,4,,song_tag_3,1,1,,,,,,,4
83,100129,1,1,18,,,,,6,1006,,1,,24,2,20,,song_tag_25,1,,,,,,,,
84,100067,1,1,18,,,,,6,1005,,1,,45,1,3,10,song_tag_6,2,,,,,,,,
85,100036,1,1,18,,,,,8,25,,1,,32,1,14,10,song_tag_5,3,,,,,,,,
86,100269,1,2,18,1100,,,,6,1001,,,,40,2,48,,song_tag_15,1,1,,,,,,,
87,100698,1,2,18,1300,,,,4,1003,13,,,50,3,,,,1,,,,,,,,
88,100704,1,17,18,,,,5,5,2005,14,,,50,1,,,,1,,,,,,,,4
89,100145,1,1,19,,,,,6,1006,,,,24,3,3,10,song_tag_6,1,,,,,,,,
90,100081,1,1,19,,,,,7,1007,,,,27,1,7,10,song_tag_5,2,,,,,,,,
91,100037,1,1,19,,,,,10,26,,1,,42,1,7,10,song_tag_5,3,,,,,,,,
92,100638,1,2,19,1150,,,,4,1001,10,,,50,1,38,,song_tag_1,1,,,,,,,,
93,100267,1,2,19,1350,,,,2,1003,,,,88,1,9,,song_tag_22,1,1,,,,,,,
94,100148,1,1,20,,,,,5,1005,,1,,22,3,17,,song_tag_8,1,,,,,,,,
95,100104,1,1,20,,,,,8,48,,1,,23,1,1,10,song_tag_1,2,,,,,,,,
96,100039,1,1,20,,,,,8,28,,,,30,1,2,10,song_tag_2,3,,,,,,,,
97,100673,1,2,20,1200,,,,4,1001,11,,,50,1,9,,song_tag_22,1,,,,,,,,
98,100661,1,2,20,1450,,,,3,1003,11,,,50,1,,,,1,,,,,,,,5
99,100157,1,1,21,,,,,6,1006,,,,20,1,7,,song_tag_5,1,,,,,,,,
100,100113,1,1,21,,,,,8,1008,,1,,21,1,7,10,song_tag_5,2,,,,,,,,
101,100040,1,1,21,,,,,10,29,,1,,43,2,7,10,song_tag_5,3,,,,,,,,
102,100505,1,2,21,1250,,,,6,1001,4,1,,56,1,27,,song_tag_26,1,,,,,,,,
103,100087,1,2,21,1450,,,,3,1003,,,,32,1,1,,song_tag_1,1,1,,,,,,,5
104,100166,1,1,22,,,,,6,1006,,1,,18,1,9,,song_tag_22,1,,,,,,,,
105,100121,1,1,22,,,,,7,1007,,,,23,2,2,10,song_tag_2,2,,,,,,,,
106,100042,1,1,22,,,,,8,31,,,,32,2,1,10,song_tag_1,3,,,,,,,,
107,100513,1,2,22,1300,,,,8,1001,4,,,68,3,7,,song_tag_5,1,,,,,,,,
108,100432,1,2,22,1500,,,,7,1003,1,1,,176,1,9,,song_tag_22,1,1,,,,,,,5
109,100168,1,1,23,,,,,5,1005,,1,,31,3,7,,song_tag_5,1,,,,,,,,
110,100122,1,1,23,,,,,8,1008,,1,,22,1,3,10,song_tag_6,2,,,,,,,,
111,100043,1,1,23,,,,,10,32,,1,,47,2,1,10,song_tag_1,3,,,,,,,,
112,100650,1,2,23,1350,,,,5,1001,10,,,50,1,,,,1,,,,,,,,
113,100485,1,2,23,1550,,,,4,1003,3,1,,123,5,27,,song_tag_26,1,,,,,,,,
114,100342,1,17,23,,,,6,5,2005,,1,,55,2,46,,song_tag_11,1,1,,,,,,,5
115,100178,1,1,24,,,,,3,1003,,,,17,1,9,,song_tag_22,1,,,,,,,,
116,100130,1,1,24,,,,,7,1007,,,,21,1,2,10,song_tag_2,2,,,,,,,,
117,100045,1,1,24,,,,,9,34,,,,27,2,2,10,song_tag_2,3,,,,,,,,
118,100464,1,2,24,1400,,,,7,1001,2,1,,104,3,35,,song_tag_2,2,,,,,,,,
119,100314,1,2,24,1600,,,,6,1003,,1,,41,3,2,,song_tag_2,1,1,,,,,,,5
120,100184,1,1,25,,,,,6,1006,,,,20,1,9,,song_tag_22,1,,,,,,,,
121,100131,1,1,25,,,,,8,1008,,1,,20,1,9,10,song_tag_22,2,,,,,,,,
122,100046,1,1,25,,,,,10,35,,,,31,2,7,10,song_tag_5,3,,,,,,,,
123,100750,1,2,25,1450,,,,7,1001,16,,,50,1,,,,2,,,,,,,,
124,100190,1,2,25,1650,,,,4,1003,,1,,53,1,,,,1,1,,,,,,,
125,100344,1,17,25,,,,7,6,2006,,1,,110,2,45,,song_tag_17,2,1,,,,,,,5
126,100185,1,1,26,,,,,6,1006,,,,18,2,3,,song_tag_6,1,,,,,,,,
127,100146,1,1,26,,,,,7,1007,,1,,27,1,25,10,song_tag_8,2,,,,,,,,
128,100047,1,1,26,,,,,8,36,,,,25,2,7,10,song_tag_5,3,,,,,,,,
129,100408,1,2,26,1500,,,,6,1001,,,,39,1,1,,song_tag_1,1,,,,,,,,
130,100410,1,2,26,1700,,,,6,1003,,,,69,1,2,,song_tag_3,1,,,,,,,,
131,100186,1,1,27,,,,,4,1004,,1,,22,1,7,,song_tag_5,1,,,,,,,,
132,100147,1,1,27,,,,,8,1008,,1,,20,2,2,10,song_tag_2,2,,,,,,,,
133,100048,1,1,27,,,,,9,37,,,,34,1,6,10,song_tag_4,3,,,,,,,,
134,100312,1,2,27,1550,,,,5,1001,,,,22,3,7,,song_tag_5,1,,,,,,,,
135,100594,1,2,27,1750,,,,7,1003,8,1,,50,2,9,,song_tag_22,1,1,,,,,,,5
136,100201,1,1,28,,,,,2,1002,,,,17,1,11,,song_tag_4,1,,,,,,,,
137,100149,1,1,28,,,,,8,1008,,1,,20,1,3,10,song_tag_6,2,,,,,,,,
138,100049,1,1,28,,,,,10,38,,,,46,2,16,10,song_tag_3,3,,,,,,,,
139,100332,1,2,28,1600,,,,7,1001,,1,,41,3,1,,song_tag_1,2,,,,,,,,
140,100329,1,2,28,1800,,,,8,1003,,1,,152,2,9,10,song_tag_22,2,,,,,,,,
141,100202,1,1,29,,,,,6,1006,,,,21,3,7,,song_tag_5,1,,,,,,,,
142,100158,1,1,29,,,,,7,1007,,1,,20,1,26,,song_tag_6,2,,,,,,,,
143,100050,1,1,29,,,,,8,40,,,,26,1,17,10,song_tag_8,3,,,,,,,,
144,100367,1,2,29,1650,,,,8,1001,,,,50,2,7,10,song_tag_5,3,,,,,,,,
145,100466,1,2,29,1850,,,,7,1003,2,1,,180,1,10,,song_tag_23,2,1,,,,,,,5
146,100203,1,1,30,,,,,6,1006,,,,18,1,7,,song_tag_5,1,,,,,,,,
147,100159,1,1,30,,,,,8,1008,,1,,24,1,27,10,song_tag_26,2,,,,,,,,
148,100051,1,1,30,,,,,8,40,,,,28,2,12,10,song_tag_2,3,,,,,,,,
149,100371,1,2,30,1700,,,,7,1001,,1,,47,1,19,,song_tag_10,2,,,,,,,,
150,100739,1,2,30,1900,,,,2,1003,15,,,50,3,,,,1,,,,,,,,
151,100210,1,1,31,,,,,2,1002,,,,23,3,4,,song_tag_3,1,,,,,,,,
152,100167,1,1,31,,,,,7,1007,,1,,20,1,9,10,song_tag_22,2,,,,,,,,
153,100052,1,1,31,,,,,10,41,,,,47,1,16,10,song_tag_3,3,,,,,,,,
154,100179,1,1,32,,,,,6,1006,,,,23,1,11,,song_tag_4,2,,,,,,,,
155,100180,1,1,32,,,,,8,1008,,1,,43,3,20,10,song_tag_25,2,,,,,,,,
156,100059,1,1,32,,,,,10,43,,,,71,1,2,10,song_tag_2,3,,,,,,,,
157,100212,1,1,33,,,,,5,1005,,1,,27,3,2,10,song_tag_2,1,,,,,,,,
158,100211,1,1,33,,,,,7,1006,,,,24,2,7,10,song_tag_5,2,,,,,,,,
159,100062,1,1,33,,,,,10,1010,,1,,50,1,21,10,song_tag_11,3,,,,,,,,
160,100221,1,1,34,,,,,1,1001,,,,18,1,9,10,song_tag_22,2,,,,,,,,
161,100065,1,1,34,,,,,9,1009,,1,,35,1,2,10,song_tag_2,3,,,,,,,,
162,100068,1,1,34,,,,,9,1009,,,,36,1,20,10,song_tag_25,3,,,,,,,,
163,100219,1,1,35,,,,,5,1005,,,,17,1,17,,song_tag_8,1,,,,,,,,
164,100071,1,1,35,,,,,8,1008,,1,,32,1,24,10,song_tag_1,3,,,,,,,,
165,100082,1,1,35,,,,,9,1009,,,,26,1,7,10,song_tag_5,3,,,,,,,,
166,100220,1,1,36,,,,,4,1004,,,,18,3,6,,song_tag_4,1,,,,,,,,
167,100222,1,1,36,,,,,8,1008,,,,18,1,9,10,song_tag_22,2,,,,,,,,
168,100085,1,1,36,,,,,5,1005,,,,24,2,12,10,song_tag_2,3,,,,,,,,
169,100232,1,1,37,,,,,5,1005,,,,19,1,15,,song_tag_24,1,,,,,,,,
170,100233,1,1,37,,,,,6,1006,,,,20,1,23,,song_tag_4,2,,,,,,,,
171,100090,1,1,37,,,,,9,1009,,,,41,1,14,10,song_tag_5,3,,,,,,,,
172,100105,1,1,38,,,,,10,1010,,1,,40,1,3,10,song_tag_6,3,,,,,,,,
173,100114,1,1,38,,,,,9,1009,,,,24,1,11,10,song_tag_4,3,,,,,,,,
174,100132,1,1,38,,,,,9,1009,,1,,25,1,12,10,song_tag_2,3,,,,,,,,
175,100240,1,1,39,,,,,1,1001,,,,16,1,7,,song_tag_5,1,,,,,,,,
176,100241,1,1,39,,,,,7,1007,,,,19,1,9,10,song_tag_22,2,,,,,,,,
177,100242,1,1,39,,,,,8,1008,,1,,20,1,3,10,song_tag_6,2,,,,,,,,
178,100253,1,1,40,,,,,7,1007,,,,15,1,9,,song_tag_22,2,,,,,,,,
179,100254,1,1,40,,,,,7,1007,,1,,22,3,3,,song_tag_6,2,,,,,,,,
180,100150,1,1,40,,,,,9,1009,,1,,19,1,3,10,song_tag_6,3,,,,,,,,
181,100263,1,1,41,,,,,5,1005,,1,,19,3,9,,song_tag_22,1,,,,,,,,
182,100223,1,1,41,,,,,9,1009,,1,,20,2,7,10,song_tag_5,3,,,,,,,,
183,100231,1,1,41,,,,,10,1010,,1,,28,2,7,10,song_tag_5,3,,,,,,,,
184,100252,1,1,42,,,,,6,1006,,,,17,2,9,,song_tag_22,1,,,,,,,,
185,100266,1,1,42,,,,,9,1009,,1,,18,1,15,10,song_tag_2,3,,,,,,,,
186,100281,1,1,42,,,,,9,1009,,1,,26,1,6,10,song_tag_4,3,,,,,,,,
187,100262,1,1,43,,,,,6,1006,,,,17,1,26,,song_tag_18,1,,,,,,,,
188,100261,1,1,43,,,,,6,1006,,,,40,2,9,,song_tag_22,2,,,,,,,,
189,100224,1,1,43,,,,,8,1008,,1,,27,1,26,10,song_tag_18,3,,,,,,,,
190,100264,1,1,44,,,,,6,1006,,,,16,1,1,,song_tag_1,1,,,,,,,,
191,100265,1,1,44,,,,,7,1007,,,,17,2,7,10,song_tag_5,2,,,,,,,,
192,100298,1,1,44,,,,,8,1008,,,,16,2,9,10,song_tag_22,3,,,,,,,,
193,100276,1,1,45,,,,,4,1004,,,,14,1,1,,song_tag_1,1,,,,,,,,
194,100277,1,1,45,,,,,4,1004,,,,15,1,9,,song_tag_22,1,,,,,,,,
195,100278,1,1,45,,,,,5,1005,,,,15,1,9,,song_tag_22,1,,,,,,,,
196,100279,1,1,46,,,,,2,1002,,,,47,1,20,,song_tag_12,1,,,,,,,,
197,100280,1,1,46,,,,,6,1006,,,,18,1,28,,song_tag_21,2,,,,,,,,
198,100308,1,1,46,,,,,9,1009,,1,,21,1,15,10,song_tag_2,3,,,,,,,,
199,100288,1,1,47,,,,,5,1005,,,,20,2,27,,song_tag_3,1,,,,,,,,
200,100289,1,1,47,,,,,6,1006,,,,18,1,1,,song_tag_1,1,,,,,,,,
201,100290,1,1,47,,,,,6,1006,,1,,33,3,14,,song_tag_5,2,,,,,,,,
202,100297,1,1,48,,,,,6,1006,,,,16,1,6,,song_tag_4,1,,,,,,,,
203,100299,1,1,48,,,,,5,1005,,,,16,3,27,,song_tag_26,1,,,,,,,,
204,100316,1,1,48,,,,,8,1008,,,,16,1,15,10,song_tag_24,3,,,,,,,,
205,100306,1,1,49,,,,,6,1006,,,,14,1,7,,song_tag_5,1,,,,,,,,
206,100307,1,1,49,,,,,6,1006,,,,16,1,26,,song_tag_18,1,,,,,,,,
207,100326,1,1,49,,,,,9,1009,,1,,17,2,6,10,song_tag_4,3,,,,,,,,
208,100315,1,1,50,,,,,6,1006,,,,14,1,27,,song_tag_3,1,,,,,,,,
209,100317,1,1,50,,,,,7,1007,,1,,20,1,7,10,song_tag_5,2,,,,,,,,
210,100346,1,1,50,,,,,8,1008,,,,19,2,14,10,song_tag_5,3,,,,,,,,
211,100324,1,1,51,,,,,5,1005,,,,15,1,9,,song_tag_22,1,,,,,,,,
212,100325,1,1,51,,,,,6,1006,,,,15,1,27,,song_tag_26,1,,,,,,,,
213,100352,1,1,51,,,,,8,1008,,,,20,2,1,10,song_tag_1,3,,,,,,,,
214,100333,1,1,52,,,,,7,1007,,,,17,1,7,10,song_tag_5,2,,,,,,,,
215,100334,1,1,52,,,,,5,1005,,,,16,1,14,,song_tag_5,1,,,,,,,,
216,100335,1,1,52,,,,,6,1006,,,,19,1,23,,song_tag_4,1,,,,,,,,
217,100347,1,1,53,,,,,5,1005,,,,23,3,14,,song_tag_5,1,,,,,,,,
218,100345,1,1,53,,,,,7,1007,,,,19,1,27,,song_tag_26,2,,,,,,,,
219,100388,1,1,53,,,,,8,1008,,,,31,2,7,10,song_tag_5,3,,,,,,,,
220,100351,1,1,54,,,,,6,1006,,,,16,2,9,,song_tag_22,1,,,,,,,,
221,100353,1,1,54,,,,,6,1006,,,,18,1,29,,song_tag_4,1,,,,,,,,
222,100389,1,1,54,,,,,8,1008,,1,,30,1,9,10,song_tag_22,3,,,,,,,,
223,100360,1,1,55,,,,,7,1007,,,,20,2,7,,song_tag_5,2,,,,,,,,
224,100361,1,1,55,,,,,4,1004,,,,17,3,9,,song_tag_22,1,,,,,,,,
225,100362,1,1,55,,,,,8,1008,,,,22,2,13,10,song_tag_21,2,,,,,,,,
226,100369,1,1,56,,,,,7,1007,,,,19,1,7,,song_tag_5,2,,,,,,,,
227,100370,1,1,56,,,,,8,1008,,1,,22,1,9,10,song_tag_22,2,,,,,,,,
228,100359,1,1,56,,,,,4,1004,,,,16,3,7,,song_tag_5,1,,,,,,,,
229,100383,1,1,57,,,,,6,1006,,,,15,1,7,,song_tag_5,1,,,,,,,,
230,100384,1,1,57,,,,,5,1005,,,,16,3,27,,song_tag_26,1,,,,,,,,
231,100385,1,1,57,,,,,6,1006,,,,21,3,2,,song_tag_2,1,,,,,,,,
232,100387,1,1,58,,,,,7,1007,,,,19,2,13,,song_tag_21,2,,,,,,,,
233,100396,1,1,58,,,,,8,1008,,,,17,1,7,10,song_tag_5,3,,,,,,,,
234,100405,1,1,58,,,,,8,1008,,1,,21,3,4,10,song_tag_3,3,,,,,,,,
235,100382,1,1,59,,,,,7,1007,,,,16,1,3,,song_tag_6,2,,,,,,,,
236,100395,1,1,59,,,,,8,1008,,,,20,2,15,10,song_tag_24,2,,,,,,,,
237,100415,1,1,59,,,,,8,1008,,,,21,1,9,10,song_tag_22,3,,,,,,,,
238,100406,1,1,60,,,,,5,1005,,1,,25,3,37,,song_tag_6,1,,,,,,,,
239,100404,1,1,60,,,,,7,1007,,,,19,2,7,,song_tag_5,2,,,,,,,,
240,100445,1,1,60,,,,,8,1008,,,,16,2,30,10,song_tag_10,3,,,,,,,,
241,100416,1,1,61,,,,,5,1005,,,,18,3,9,,song_tag_22,1,,,,,,,,
242,100414,1,1,61,,,,,8,1008,,,,17,1,15,10,song_tag_2,2,,,,,,,,
243,100019,1,1,61,,,,,6,13,,,,70,4,1,,song_tag_1,2,,,,,,,,
244,100417,1,1,62,,,,,6,1006,,,,18,1,15,,song_tag_24,1,,,,,,,,
245,100418,1,1,62,,,,,8,1008,,1,,26,1,30,10,song_tag_10,2,,,,,,,,
246,100419,1,1,62,,,,,6,1006,,,,18,3,2,,song_tag_2,1,,,,,,,,
247,100420,1,1,63,,,,,6,1006,,,,18,2,7,,song_tag_5,1,,,,,,,,
248,100421,1,1,63,,,,,8,1008,,,,16,1,17,10,song_tag_8,2,,,,,,,,
249,100422,1,1,63,,,,,4,1004,,,,18,3,7,,song_tag_5,1,,,,,,,,
250,100423,1,1,64,,,,,5,1005,,,,16,3,31,,song_tag_25,1,,,,,,,,
251,100424,1,1,64,,,,,7,1007,,,,19,2,7,10,song_tag_5,2,,,,,,,,
252,100425,1,1,64,,,,,5,1005,,,,20,3,9,,song_tag_22,1,,,,,,,,
253,100443,1,1,65,,,,,7,1007,,,,17,1,15,10,song_tag_24,2,,,,,,,,
254,100444,1,1,65,,,,,8,1008,,,,20,1,12,10,song_tag_2,2,,,,,,,,
255,100022,1,1,65,,,,,6,15,,,,52,2,7,,song_tag_5,2,,,,,,,,
256,100446,1,1,66,,,,,8,1008,,,,18,2,6,10,song_tag_4,2,,,,,,,,
257,100447,1,1,66,,,,,5,1005,,,,31,3,4,,song_tag_3,1,,,,,,,,
258,100448,1,1,66,,,,,7,1007,,1,,39,2,6,,song_tag_4,2,,,,,,,,
259,100449,1,1,67,,,,,7,1007,,,,17,1,15,,song_tag_2,2,,,,,,,,
260,100450,1,1,67,,,,,8,1008,,,,18,3,7,10,song_tag_5,2,,,,,,,,
261,100451,1,1,67,,,,,6,1006,,,,25,3,2,,song_tag_2,1,,,,,,,,
262,100452,1,1,68,,,,,7,1007,,,,18,2,12,,song_tag_2,2,,,,,,,,
263,100453,1,1,68,,,,,5,1005,,,,16,1,21,,song_tag_11,1,,,,,,,,
264,100454,1,1,68,,,,,4,1004,,,,20,3,4,,song_tag_3,1,,,,,,,,
265,100455,1,1,69,,,,,6,1006,,,,15,1,9,,song_tag_22,1,,,,,,,,
266,100456,1,1,69,,,,,9,1009,,1,,30,1,3,10,song_tag_6,3,,,,,,,,
267,100457,1,1,69,,,,,5,1006,,,,17,1,7,,song_tag_5,1,,,,,,,,
268,100470,1,1,70,,,,,7,1007,,,,21,2,15,,song_tag_24,2,,,,,,,,
269,100471,1,1,70,,,,,6,1006,,,,20,2,7,,song_tag_5,1,,,,,,,,
270,100472,1,1,70,,,,,5,1005,,,,17,1,9,,song_tag_22,1,,,,,,,,
271,100473,1,1,71,,,,,4,1004,,,,16,3,9,,song_tag_22,1,,,,,,,,
272,100474,1,1,71,,,,,7,1007,,,,17,1,12,,song_tag_2,2,,,,,,,,
273,100475,1,1,71,,,,,6,1006,,,,15,1,2,,song_tag_2,1,,,,,,,,
274,100476,1,1,72,,,,,3,1003,,,,35,2,5,,song_tag_17,1,,,,,,,,
275,100477,1,1,72,,,,,8,1008,,,,18,1,12,10,song_tag_2,2,,,,,,,,
276,100478,1,1,72,,,,,6,1006,,,,21,1,3,,song_tag_6,1,,,,,,,,
277,100479,1,1,73,,,,,6,1006,,,,17,1,30,,song_tag_10,1,,,,,,,,
278,100480,1,1,73,,,,,9,1009,,,,19,2,14,10,song_tag_5,3,,,,,,,,
279,100481,1,1,73,,,,,4,1004,,,,19,3,12,,song_tag_2,1,,,,,,,,
280,100482,1,1,74,,,,,6,1006,,,,23,1,9,,song_tag_22,1,,,,,,,,
281,100483,1,1,74,,,,,5,1005,,,,19,1,9,,song_tag_22,1,,,,,,,,
282,100484,1,1,74,,,,,7,1007,,,,27,1,3,,song_tag_6,2,,,,,,,,
283,100490,1,1,75,,,,,5,1005,,,,26,1,7,,song_tag_5,1,,,,,,,,
284,100491,1,1,75,,,,,6,1006,,,,21,2,7,,song_tag_5,1,,,,,,,,
285,100492,1,1,75,,,,,4,1004,,,,20,3,9,,song_tag_22,1,,,,,,,,
286,100493,1,1,76,,,,,5,1005,,,,18,1,9,,song_tag_22,1,,,,,,,,
287,100494,1,1,76,,,,,9,1009,,,,39,3,7,10,song_tag_5,3,,,,,,,,
288,100495,1,1,76,,,,,4,1004,,,,22,3,7,,song_tag_5,1,,,,,,,,
289,100496,1,1,77,,,,,6,1006,,,,16,3,2,,song_tag_2,1,,,,,,,,
290,100497,1,1,77,,,,,4,1004,,,,20,3,7,,song_tag_5,1,,,,,,,,
291,100498,1,1,77,,,,,8,1008,,,,27,2,7,10,song_tag_5,3,,,,,,,,
292,100499,1,1,78,,,,,7,1007,,,,17,2,9,,song_tag_22,2,,,,,,,,
293,100500,1,1,78,,,,,4,1004,,,,17,1,2,,song_tag_2,1,,,,,,,,
294,100501,1,1,78,,,,,6,1006,,,,24,3,30,,song_tag_10,1,,,,,,,,
295,100502,1,1,79,,,,,6,1006,,,,15,1,2,,song_tag_2,1,,,,,,,,
296,100503,1,1,79,,,,,5,1005,,,,13,1,9,,song_tag_22,1,,,,,,,,
297,100504,1,1,79,,,,,6,1006,,,,27,2,44,,song_tag_25,1,,,,,,,,
298,100515,1,1,80,,,,,6,1006,,,,50,1,19,,song_tag_10,1,,,,,,,,
299,100516,1,1,80,,,,,7,1007,,,,50,1,7,,song_tag_5,2,,,,,,,,
300,100517,1,1,80,,,,,9,1009,,,,50,1,3,10,song_tag_6,3,,,,,,,,
301,100518,1,1,81,,,,,6,1006,,,,50,2,7,,song_tag_5,1,,,,,,,,
302,100519,1,1,81,,,,,5,1005,,,,50,1,9,,song_tag_22,1,,,,,,,,
303,100520,1,1,81,,,,,8,1008,,,,50,1,14,10,song_tag_5,3,,,,,,,,
304,100521,1,1,82,,,,,5,1005,,,,50,1,28,,song_tag_21,1,,,,,,,,
305,100522,1,1,82,,,,,4,1004,,,,50,1,7,,song_tag_5,1,,,,,,,,
306,100523,1,1,82,,,,,8,1008,,,,50,1,9,10,song_tag_22,2,,,,,,,,
307,100524,1,1,83,,,,,6,1006,,,,50,2,7,,song_tag_5,1,,,,,,,,
308,100525,1,1,83,,,,,5,1005,,,,50,3,7,,song_tag_5,1,,,,,,,,
309,100526,1,1,83,,,,,6,1006,,,,50,1,13,,song_tag_21,2,,,,,,,,
310,100527,1,1,84,,,,,4,1004,,,,50,1,9,,song_tag_22,1,,,,,,,,
311,100528,1,1,84,,,,,7,1007,,,,50,1,7,,song_tag_5,2,,,,,,,,
312,100529,1,1,84,,,,,6,1006,,,,50,1,7,,song_tag_5,1,,,,,,,,
313,100539,1,1,85,,,,,6,1006,,,,50,1,4,,song_tag_3,1,,,,,,,,
314,100540,1,1,85,,,,,8,1008,,1,,50,1,3,10,song_tag_6,3,,,,,,,,
315,100541,1,1,85,,,,,8,1008,,1,,50,1,9,10,song_tag_22,3,,,,,,,,
316,100542,1,1,86,,,,,5,1005,,,,50,1,3,,song_tag_6,1,,,,,,,,
317,100543,1,1,86,,,,,5,1005,,,,50,2,7,,,1,,,,,,,,
318,100544,1,1,86,,,,,6,1006,,,,50,1,7,,song_tag_5,2,,,,,,,,
319,100545,1,1,87,,,,,6,1006,,,,50,1,3,,song_tag_6,1,,,,,,,,
320,100546,1,1,87,,,,,6,1006,,,,50,2,13,,song_tag_21,1,,,,,,,,
321,100547,1,1,87,,,,,8,1008,,1,,50,2,7,10,,3,,,,,,,,
322,100548,1,1,88,,,,,6,1006,,,,50,1,7,,song_tag_5,1,,,,,,,,
323,100549,1,1,88,,,,,4,1004,,,,50,1,45,,song_tag_17,1,,,,,,,,
324,100550,1,1,88,,,,,7,1007,,1,,50,2,9,10,song_tag_22,2,,,,,,,,
325,100551,1,1,89,,,,,5,1005,,,,50,1,7,,,1,,,,,,,,
326,100552,1,1,89,,,,,8,1008,,,,50,2,12,10,song_tag_2,3,,,,,,,,
327,100553,1,1,89,,,,,5,1005,,,,50,3,12,,song_tag_2,1,,,,,,,,
328,100563,1,1,90,,,,,4,1004,,,,50,1,9,,song_tag_22,1,,,,,,,,
329,100564,1,1,90,,,,,9,1009,,1,,50,1,3,10,song_tag_6,3,,,,,,,,
330,100565,1,1,90,,,,,4,1004,,,,50,3,12,,song_tag_2,1,,,,,,,,
331,100566,1,1,91,,,,,5,1005,,,,50,1,13,,song_tag_21,1,,,,,,,,
332,100567,1,1,91,,,,,4,1004,,,,50,3,9,,song_tag_22,1,,,,,,,,
333,100568,1,1,91,,,,,4,1004,,,,50,3,10,,song_tag_23,1,,,,,,,,
334,100582,1,1,92,,,,,6,1006,,,,50,3,12,,song_tag_2,1,,,,,,,,
335,100583,1,1,92,,,,,8,1008,,,,50,2,7,10,song_tag_5,2,,,,,,,,
336,100584,1,1,92,,,,,4,1004,,,,50,3,9,,song_tag_22,1,,,,,,,,
337,100585,1,1,93,,,,,4,1004,,,,50,3,9,,song_tag_22,1,,,,,,,,
338,100586,1,1,93,,,,,9,1009,,,,50,1,7,10,song_tag_5,3,,,,,,,,
339,100587,1,1,93,,,,,6,1006,,,,50,3,23,,song_tag_4,1,,,,,,,,
340,100588,1,1,94,,,,,9,1009,,,,50,1,27,10,song_tag_26,3,,,,,,,,
341,100589,1,1,94,,,,,8,1008,,1,,50,1,7,10,song_tag_5,3,,,,,,,,
342,100590,1,1,94,,,,,6,1006,,1,,50,3,7,,song_tag_5,1,,,,,,,,
343,100598,1,1,95,,,,,4,1004,,,,50,3,9,,song_tag_22,1,,,,,,,,
344,100599,1,1,95,,,,,5,1005,,,,50,1,14,,song_tag_5,1,,,,,,,,
345,100600,1,1,95,,,,,7,1007,,,,50,3,7,,song_tag_5,2,,,,,,,,
346,100601,1,1,96,,,,,6,1006,,,,50,1,7,,song_tag_5,1,,,,,,,,
347,100602,1,1,96,,,,,8,1008,,,,50,1,2,10,song_tag_2,3,,,,,,,,
348,100603,1,1,96,,,,,3,1003,,1,,50,1,5,,song_tag_21,1,,,,,,,,
349,100604,1,1,97,,,,,5,1005,,,,50,3,12,,song_tag_2,1,,,,,,,,
350,100605,1,1,97,,,,,8,1008,,,,50,2,41,10,song_tag_9,2,,,,,,,,
351,100606,1,1,97,,,,,7,1007,,1,,50,3,36,,song_tag_8,2,,,,,,,,
352,100607,1,1,98,,,,,5,1005,,,,50,3,6,,song_tag_4,1,,,,,,,,
353,100608,1,1,98,,,,,8,1008,,1,,50,1,3,10,song_tag_6,3,,,,,,,,
354,100609,1,1,98,,,,,5,1005,,,,50,1,7,,song_tag_5,1,,,,,,,,
355,100610,1,1,99,,,,,5,1005,,,,50,1,9,,song_tag_6,1,,,,,,,,
356,100611,1,1,99,,,,,7,1007,,1,,50,1,7,10,song_tag_5,2,,,,,,,,
357,100612,1,1,99,,,,,7,1007,,1,,50,3,7,,song_tag_5,2,,,,,,,,
358,100625,1,1,100,,,,,4,1004,,,,50,1,9,,song_tag_22,1,,,,,,,,
359,100626,1,1,100,,,,,6,1006,,,,50,3,7,,song_tag_5,1,,,,,,,,
360,100627,1,1,100,,,,,8,1008,,,,50,2,7,10,song_tag_5,2,,,,,,,,
361,100628,1,1,101,,,,,4,1004,,,,50,1,9,,song_tag_22,1,,,,,,,,
362,100629,1,1,101,,,,,8,1008,,,,50,2,15,10,song_tag_2,2,,,,,,,,
363,100630,1,1,101,,,,,9,1009,,,,50,1,9,10,song_tag_22,3,,,,,,,,
364,100631,1,1,102,,,,,5,1005,,,,50,1,7,,song_tag_5,1,,,,,,,,
365,100632,1,1,102,,,,,7,1007,,,,50,1,3,,song_tag_6,2,,,,,,,,
366,100633,1,1,102,,,,,9,1009,,,,50,2,29,10,song_tag_4,3,,,,,,,,
367,100651,1,1,103,,,,,8,1008,,,,50,1,9,,song_tag_22,2,,,,,,,,
368,100652,1,1,103,,,,,6,1006,,,,50,1,7,,song_tag_5,1,,,,,,,,
369,100653,1,1,103,,,,,6,1006,,,,50,3,7,,song_tag_5,1,,,,,,,,
370,100654,1,1,104,,,,,4,1004,,,,50,3,4,,song_tag_3,1,,,,,,,,
371,100655,1,1,104,,,,,5,1005,,,,50,3,4,,song_tag_3,1,,,,,,,,
372,100656,1,1,104,,,,,4,1004,,,,50,3,23,,song_tag_4,1,,,,,,,,
373,100657,1,1,105,,,,,4,1004,,,,50,3,2,,song_tag_3,1,,,,,,,,
374,100658,1,1,105,,,,,6,1006,,,,50,3,2,,song_tag_3,1,,,,,,,,
375,100659,1,1,105,,,,,7,1007,,,,50,1,9,,song_tag_22,2,,,,,,,,
376,100675,1,1,106,,,,,4,1004,,,,50,1,4,,song_tag_3,1,,,,,,,,
377,100676,1,1,106,,,,,8,1008,,,,50,1,9,,song_tag_22,2,,,,,,,,
378,100677,1,1,106,,,,,5,1005,,,,50,3,7,,song_tag_5,1,,,,,,,,
379,100678,1,1,107,,,,,5,1005,,,,50,3,9,,song_tag_22,1,,,,,,,,
380,100679,1,1,107,,,,,8,1008,,,,50,1,9,,song_tag_22,2,,,,,,,,
381,100680,1,1,107,,,,,7,1007,,,,50,1,9,,song_tag_22,2,,,,,,,,
382,100691,1,1,108,,,,,7,1007,,,,50,3,,,,2,,,,,,,,
383,100692,1,1,108,,,,,6,1006,,,,50,1,,,,1,,,,,,,,
384,100693,1,1,108,,,,,4,1004,,,,50,3,,,,1,,,,,,,,
385,100694,1,1,109,,,,,6,1006,,,,50,3,,,,1,,,,,,,,
386,100695,1,1,109,,,,,5,1005,,,,50,3,,,,1,,,,,,,,
387,100696,1,1,109,,,,,8,1008,,,,50,1,,,,3,,,,,,,,
388,100718,1,1,110,,,,,5,1005,,,,50,1,,,,1,,,,,,,,
389,100719,1,1,110,,,,,3,1003,,,,50,3,,,,1,,,,,,,,
390,100720,1,1,110,,,,,7,1007,,,,50,1,,,,2,,,,,,,,
391,100721,1,1,111,,,,,6,1006,,,,50,1,,,,2,,,,,,,,
392,100722,1,1,111,,,,,8,1008,,,,50,1,,,,3,,,,,,,,
393,100723,1,1,111,,,,,7,1007,,,,50,1,,,,2,,,,,,,,
394,100724,1,1,112,,,,,7,1007,,,,50,1,,,,2,,,,,,,,
395,100725,1,1,112,,,,,9,1009,,,,50,1,,,,1,,,,,,,,
396,100726,1,1,112,,,,,10,1010,,,,50,1,,,,3,,,,,,,,
397,100727,1,1,113,,,,,8,1008,,,,50,1,,,,1,,,,,,,,
398,100728,1,1,113,,,,,5,1005,,,,50,1,,,,1,,,,,,,,
399,100729,1,1,113,,,,,2,1002,,,,50,3,,,,1,,,,,,,,
400,100730,1,1,114,,,,,3,1003,,,,50,1,,,,1,,,,,,,,
401,100731,1,1,114,,,,,5,1005,,,,50,1,,,,1,,,,,,,,
402,100732,1,1,114,,,,,5,1005,,,,50,1,,,,1,,,,,,,,
403,100733,1,1,115,,,,,4,1004,,,,50,3,,,,1,,,,,,,,
404,100734,1,1,115,,,,,6,1006,,,,50,1,,,,1,,,,,,,,
405,100735,1,1,115,,,,,6,1006,,,,50,1,,,,1,,,,,,,,
406,100751,1,1,116,,,,,3,1003,,,,50,1,,,,1,,,,,,,,
407,100752,1,1,116,,,,,6,1006,,,,50,1,,,,1,,,,,,,,
408,100753,1,1,116,,,,,3,1003,,,,50,3,,,,1,,,,,,,,
409,100754,1,1,117,,,,,7,1007,,,,50,2,,,,2,,,,,,,,
410,100755,1,1,117,,,,,3,1003,,,,50,1,,,,1,,,,,,,,
411,100756,1,1,117,,,,,9,1009,,,,50,2,,,,3,,,,,,,,
412,100768,1,1,118,,,,,3,1003,,,,50,1,,,,1,,,,,,,,
413,100769,1,1,118,,,,,7,1007,,,,50,2,,,,1,,,,,,,,
414,100770,1,1,118,,,,,9,1009,,,,50,3,,,,1,,,,,,,,
415,100776,1,1,119,,,,,5,1005,,,,50,1,,,,1,,,,,,,,
416,100777,1,1,119,,,,,6,1006,,,,50,1,,,,1,,,,,,,,
417,100778,1,1,119,,,,,7,1007,,,,50,1,,,,2,,,,,,,,
418,100779,1,1,120,,,,,6,1006,,,,50,1,,,,1,,,,,,,,
419,100780,1,1,120,,,,,6,1006,,,,50,1,,,,1,,,,,,,,
420,100781,1,1,120,,,,,8,1008,,,,50,2,,,,3,,,,,,,,
421,100785,1,1,121,,,,,5,1005,,,,50,1,,,,1,,,,,,,,
422,100786,1,1,121,,,,,1,1001,,,,50,1,,,,2,,,,,,,,
423,100787,1,1,121,,,,,1,1001,,,,50,1,,,,3,,,,,,,,
424,100796,1,1,122,,,,,4,1004,,,,50,3,,,,3,,,,,,,,
425,100797,1,1,122,,,,,4,1004,,,,50,3,,,,3,,,,,,,,
426,100798,1,1,122,,,,,4,1004,,,,50,3,,,,2,,,,,,,,
701,100799,16,13,,,30,,,5,2005,26,1,,50,1,,,,2,,,,,,fragment_014,,
702,100788,16,13,,,30,,,3,2003,22,1,,50,1,,,,1,,,,,,fragment_003,,
703,100959,16,13,,,30,,,3,2003,25,1,,50,1,,,,1,,,,,,fragment_008,,
704,100789,16,13,,,30,,,7,2003,23,,,50,1,,,,2,,,,,,,,
705,100790,16,13,,,30,,,7,2001,23,,,50,1,,,,1,,,,,,,,
706,100614,2,19,,,20,,,2,2002,9,,,50,2,,,,1,,,,,,selection_music1,card_selection_normal_kisstherain.png,
707,100439,2,18,,,10,5,,4,2004,1,,1,174,3,9,,song_tag_22,1,,,,,,,,
708,100429,2,18,,,8,6,,6,2006,1,,13,163,1,9,,song_tag_22,1,1,,,,,,,
709,100357,2,18,,,16,5,,6,2006,,,,26,3,45,,song_tag_17,1,,,,,,,,
710,100358,2,18,,,10,5,5,6,2006,,1,,59,2,49,,song_tag_17,1,1,,,,,,,4
711,100440,2,18,,,15,5,,7,2007,1,,5,121,2,9,,song_tag_22,2,,,,,,,,
712,100350,2,18,,,10,5,8,7,2007,,1,,75,1,45,,song_tag_17,2,1,,,,,,,5
713,100437,2,18,,,10,5,7,8,2008,1,,4,121,2,9,,song_tag_22,2,1,,,,,,,5
714,100530,2,18,,,10,5,,7,2007,5,1,,50,1,45,,song_tag_17,2,,,,,,,,
715,100412,2,18,,,10,5,8,8,2008,,,,48,2,9,,song_tag_22,2,1,,,,,,,5
716,100697,2,18,,,10,5,8,8,2008,13,,,50,2,,,,3,,,,,,,,5
717,100662,2,13,,,1,,,6,2006,11,,,50,1,9,,song_tag_22,1,,,,,,,,
718,100784,2,13,,,8,,,3,2003,21,,,50,1,,,,1,,,,,,,,
719,100795,2,13,,,8,,,4,2004,24,,19,50,3,,,,1,,,,,,,,
720,100794,2,13,,,8,,,5,2005,24,,19,50,1,,,,1,,,,,,,,
721,100793,2,13,,,8,,,2,2002,24,,19,50,1,,,,2,,,,,,,,
722,100792,2,13,,,8,,,4,2004,24,,19,50,1,,,,1,,,,,,,,
723,100791,2,13,,,8,,,4,2004,24,,19,50,1,,,,1,,,,,,,,
724,100958,2,22,,,15,,,7,2007,24,,20,50,2,,,,1,,,,,,album_001,,
725,100957,2,22,,,15,,,4,2004,24,,20,50,1,,,,2,,,,,,album_001,,
726,100956,2,22,,,15,,,1,2001,24,,20,50,1,,,,1,,,,,,album_001,,
727,100309,2,14,,,,,,6,2006,,,,10,1,,,,1,,,,1,8,,,
728,100331,2,14,,,,,,6,2006,,,,9,3,,,,1,,,,3,8,,,
729,100319,2,14,,,,,,5,2005,,,,8,3,,,,1,,,,2,8,,,
730,100234,2,2,,5000,,,,10,2010,,1,,67,1,6,10,song_tag_4,3,,,,,,,,
731,100235,2,2,,5000,,,,8,2008,,,,59,1,11,10,song_tag_4,2,,,,,,,,
732,100782,2,13,,,6,,,4,2004,20,,,50,1,,,,1,,,,,,,,
733,100783,2,13,,,6,,,5,2005,20,,,50,1,,,,1,,,,,,,,
734,100436,2,18,,,15,6,,7,2007,1,,10,96,2,9,,song_tag_22,1,1,,,,,,,
735,100703,2,18,,,8,6,,5,2004,14,,18,50,1,,,,2,,,,,,,,
736,100160,2,13,,,13,,,8,2008,,,,21,1,19,10,song_tag_10,2,,2018/2/14 0:00,,,,,,
737,100375,2,13,,,16,,,9,2009,,,,13,2,51,10,song_tag_17,3,,2018/2/14 0:00,,,,,,
738,100634,2,13,,,6,,,8,2008,10,,,50,3,,,,1,,,,,,,,
739,100054,2,2,,2000,,,,7,17,,1,,179,2,50,10,song_tag_24,2,,,,,,,,
740,100771,2,13,,,6,,,4,1004,19,,,50,2,,,,1,,,,,,,,
741,100055,2,2,,2000,,,,7,17,,1,,177,1,2,10,song_tag_2,3,,,,,,,,
742,100772,2,13,,,6,,,5,1005,19,,,50,1,,,,1,,,,,,,,
743,100102,2,18,,,7,4,,6,2006,,1,18,49,1,1,,song_tag_1,1,1,,,,,,,
744,100773,2,13,,,7,,,4,1004,19,,,50,1,,,,2,,,,,,,,
745,100083,2,18,,,10,5,,4,2004,,1,18,63,3,6,,song_tag_4,1,1,,,,,,,
746,100774,2,13,,,7,,,5,1005,19,,,50,1,,,,3,,,,,,,,
747,100120,2,18,,,11,6,,7,2007,,1,18,30,2,7,,song_tag_5,1,1,,,,,,,
748,100775,2,13,,,8,,,4,1004,19,,,50,3,,,,1,,,,,,,,
749,100339,2,18,,,7,5,,6,2006,,1,18,58,1,1,,song_tag_1,1,1,,,,,,,
750,100757,2,13,,,6,,,3,2003,17,,,50,3,,,,1,,,,,,,,
751,100088,2,18,,,11,6,,4,2004,,,18,52,2,19,,song_tag_10,1,1,,,,,,,
752,100379,16,13,,,10,,,6,2006,,1,,83,2,46,,song_tag_11,1,1,,,,,,,
753,100434,2,18,,,8,5,,6,2006,1,,8,143,1,9,,song_tag_22,1,,,,,,,,
754,100152,2,13,,,6,,,5,2004,,,,58,1,3,,song_tag_6,1,1,,,,,,,
755,100435,2,18,,,6,5,,4,2004,1,,9,156,1,9,,song_tag_22,1,,,,,,,,
756,100189,2,13,,,10,,,4,2004,,,,50,1,,,,1,1,,,,,,,
757,100427,2,18,,,8,5,,5,2005,1,1,11,111,2,9,,song_tag_22,1,,,,,,,,
758,100763,2,13,,,6,,,5,2005,18,,,50,1,,,,1,,,,,,,,
759,100764,2,13,,,6,,,5,2005,18,,,50,3,,,,1,,,,,,,,
760,100556,16,18,,,6,5,,4,2004,6,1,18,50,1,9,,song_tag_22,1,,,,,,,,
761,100765,2,13,,,7,,,5,2005,18,,,50,1,,,,2,,,,,,,,
762,100713,2,18,,,7,5,,8,2008,14,,18,50,6,,,,1,,,,,,,,
763,100714,2,18,,,7,5,,6,2006,14,,18,50,6,,,,1,,,,,,,,
764,100767,2,13,,,8,,,5,2005,18,,,50,3,,,,1,,,,,,,,
765,100716,2,18,,,8,5,,9,2009,14,,18,50,6,,,,3,,,,,,,,
766,100736,2,13,,,6,,,5,2005,15,,,50,3,,,,1,,,,,,,,
767,100717,2,18,,,8,5,,9,2009,14,,18,50,6,,,,3,,,,,,,,
768,100758,2,13,,,6,,,5,2005,17,,,50,2,,,,1,,,,,,,,
769,100622,2,18,,,6,5,,5,2005,9,1,18,50,3,1,,song_tag_1,1,,,,,,,,
770,100745,2,13,,,6,,,5,2005,16,,,50,1,,,,1,,,,,,,,
771,100759,2,13,,,8,,,4,2004,17,,,50,1,,,,1,,,,,,,,
772,100760,2,13,,,7,,,6,2006,17,,,50,1,,,,2,,,,,,,,
773,100761,2,13,,,8,,,7,2007,17,,,50,1,,,,2,,,,,,,,
774,100762,2,13,,,8,,,6,2006,17,,,50,1,,,,2,,,,,,,,
775,100746,2,13,,,6,,,4,2004,16,,,50,1,,,,1,,,,,,,,
776,100747,2,13,,,7,,,4,2004,16,,,50,1,,,,1,,,,,,,,
777,100748,2,13,,,8,,,5,2005,16,,,50,1,,,,1,,,,,,,,
778,100749,2,13,,,8,,,5,2005,16,,,50,1,,,,1,,,,,,,,
779,100660,2,13,,,6,,,5,2005,11,,,50,2,,,,1,,,,,,,,
780,100737,2,13,,,10,,,7,2007,15,,,50,1,,,,2,,,,,,,,
781,100738,2,13,,,10,,,6,2006,15,,,50,1,,,,1,,,,,,,,
782,100740,2,13,,,6,,,4,2004,15,,,50,1,,,,1,,,,,,,,
783,100741,2,13,,,6,,,3,2003,15,,,50,3,,,,1,,,,,,,,
784,100742,2,13,,,6,,,4,2004,15,,,50,2,,,,1,,,,,,,,
785,100743,2,13,,,6,,,5,2005,15,,,50,1,,,,1,,,,,,,,
786,100744,2,13,,,10,,,3,2003,15,,,50,2,,,,3,,,,,,,,
787,100690,2,13,,,10,,,4,2004,14,,1900/1/15 00:00,50,1,,,,1,,,,,,,,
788,100706,2,13,,,7,,,8,2008,14,,,50,1,,,,2,1,,,,,,,
789,100707,2,13,,,8,,,7,2007,14,,,50,5,,,,2,,,,,,,,
790,100708,2,13,,,9,,,8,2008,14,,,50,1,,,,2,,,,,,,,
791,100709,2,13,,,10,,,4,2004,14,,,50,3,,,,1,,,,,,,,
792,100715,2,13,,,7,,,7,2007,14,,,50,6,,,,2,,,,,,,,
793,100711,2,13,,,8,,,4,2004,14,,,50,1,,,,1,,,,,,,,
794,100699,2,13,,,7,,,7,2007,13,,,50,2,,,,2,,,,,,,,
795,100700,2,13,,,6,,,4,2004,13,,,50,3,,,,1,,,,,,,,
796,100701,2,13,,,7,,,8,2008,13,,,50,2,,,,2,,,,,,,,
797,100702,2,13,,,6,,,5,2005,13,,,50,3,,,,1,,,,,,,,
798,100682,2,13,,,6,,,4,2004,12,,,50,1,9,,song_tag_22,1,,,,,,,,
799,100683,2,13,,,6,,,5,2005,12,,,50,1,9,,song_tag_22,1,,,,,,,,
800,100684,2,13,,,6,,,5,2005,12,,,50,1,9,,song_tag_22,1,,,,,,,,
801,100686,2,13,,,7,,,8,2008,12,,,50,2,27,,song_tag_26,3,,,,,,,,
802,100687,2,13,,,7,,,7,2007,12,,,50,3,27,,song_tag_26,2,,,,,,,,
803,100689,2,13,,,6,,,4,2004,12,,,50,2,7,,song_tag_5,1,,,,,,,,
804,100663,2,13,,,1,,,5,2005,11,,,50,3,1,,song_tag_1,1,,,,,,,,
805,100664,2,13,,,1,,,8,2008,11,,,50,3,9,,song_tag_6,2,,,,,,,,
806,100665,2,13,,,1,,,6,2006,11,,,50,1,4,,song_tag_3,1,,,,,,,,
807,100666,2,13,,,1,,,7,2007,11,,,50,1,7,,song_tag_5,2,,,,,,,,
808,100667,2,13,,,6,,,5,2005,11,,,50,3,9,,song_tag_22,1,,,,,,,,
809,100668,2,13,,,6,,,4,2004,11,,,50,3,9,,song_tag_22,1,,,,,,,,
810,100669,2,13,,,6,,,5,2005,11,,,50,3,9,,song_tag_22,1,,,,,,,,
811,100670,2,13,,,6,,,4,2004,11,,,50,3,4,,song_tag_3,1,,,,,,,,
812,100671,2,13,,,7,,,8,2008,11,,,50,2,9,,song_tag_22,2,,,,,,,,
813,100672,2,13,,,8,,,9,2009,11,,,50,2,9,,song_tag_22,3,,,,,,,,
814,100674,2,13,,,6,,,4,2004,11,,,50,3,9,,song_tag_22,1,,,,,,,,
815,100635,2,13,,,6,,,4,2004,10,,,50,3,9,,song_tag_22,1,,,,,,,,
816,100636,2,13,,,7,,,6,2006,10,,,50,1,1,,song_tag_1,1,,,,,,,,
817,100637,2,13,,,6,,,4,2004,10,,,50,3,36,,song_tag_8,1,,,,,,,,
818,100639,2,13,,,7,,,6,2006,10,,,50,3,38,,song_tag_1,1,,,,,,,,
819,100640,2,2,,500,,,,4,2004,10,,,50,1,5,,song_tag_17,1,,,,,,,,
820,100642,2,2,,500,,,,5,2005,10,,,50,3,7,,song_tag_5,1,,,,,,,,
821,100643,2,2,,500,,,,8,2008,10,,,50,1,18,10,song_tag_9,3,,,,,,,,
822,100644,2,2,,500,,,,5,2005,10,,,50,3,23,,song_tag_4,1,,,,,,,,
823,100645,2,13,,,7,,,7,2007,10,,,50,1,7,,song_tag_5,2,,,,,,,,
824,100646,2,13,,,6,,,5,2005,10,,,50,3,7,,song_tag_5,1,,,,,,,,
825,100647,2,13,,,7,,,7,2007,10,,,50,1,7,,song_tag_5,2,,,,,,,,
826,100648,2,13,,,6,,,4,2004,10,,,50,3,7,,song_tag_5,1,,,,,,,,
827,100649,2,13,,,7,,,7,2007,10,,,50,1,7,,song_tag_5,2,,,,,,,,
828,100615,2,13,,,7,,,7,2007,9,1,,50,1,9,,song_tag_22,2,,,,,,,,
829,100617,2,13,,,7,,,7,2007,9,1,,50,1,9,,song_tag_22,2,,,,,,,,
830,100618,2,13,,,6,,,6,2006,9,,,50,2,9,,song_tag_22,1,,,,,,,,
831,100619,2,13,,,7,,,8,2008,9,,,50,1,9,10,song_tag_22,3,,,,,,,,
832,100620,2,13,,,7,,,7,2007,9,1,,50,1,1,,song_tag_1,2,,,,,,,,
833,100621,2,13,,,8,,,9,2009,9,1,,50,2,1,10,song_tag_1,3,,,,,,,,
834,100623,2,13,,,6,,,6,2006,9,1,,50,3,1,,song_tag_1,1,,,,,,,,
835,100624,2,13,,,6,,,4,2004,9,1,,50,1,1,,song_tag_1,1,1,,,,,,,
836,100591,2,13,,,8,,,4,2004,8,1,,50,3,45,,song_tag_17,1,,,,,,,,
837,100592,2,13,,,8,,,5,2005,8,1,,50,3,47,,song_tag_16,1,,,,,,,,
838,100593,2,13,,,6,,,3,2003,8,1,,50,1,46,,song_tag_11,1,1,,,,,,,
839,100595,2,13,,,8,,,6,2006,8,1,,50,3,9,10,song_tag_22,2,,,,,,,,
840,100596,2,13,,,6,,,4,2004,8,1,,50,1,9,,song_tag_22,1,,,,,,,,
841,100597,2,13,,,7,,,6,2006,8,1,,50,3,7,,song_tag_5,1,,,,,,,,
842,100581,2,13,,,10,,,4,2004,7,1,,50,1,4,,song_tag_3,1,,,,,,,,
843,100580,2,13,,,10,,,5,2005,7,1,,50,2,9,,song_tag_22,1,1,,,,,,,
844,100579,2,13,,,6,,,6,2006,7,1,,50,1,1,,song_tag_1,1,,,,,,,,
845,100578,2,13,,,12,,,9,2009,7,1,,50,2,1,10,song_tag_1,3,,,,,,,,
846,100576,2,13,,,8,,,5,2005,7,1,,50,3,1,,song_tag_1,1,,,,,,,,
847,100575,2,13,,,6,,,7,2007,7,1,,50,3,1,10,song_tag_1,2,1,,,,,,,
848,100574,2,13,,,8,,,10,2010,7,1,,50,1,32,10,song_tag_13,3,,,,,,,,
849,100573,2,13,,,6,,,8,2008,7,1,,50,1,3,10,song_tag_6,2,,,,,,,,
850,100572,2,13,,,6,,,8,2008,7,1,,50,1,3,10,song_tag_6,3,,,,,,,,
851,100571,2,13,,,6,,,8,2008,7,1,,50,1,3,10,song_tag_6,3,,,,,,,,
852,100570,2,13,,,6,,,9,2009,7,1,,50,1,3,10,song_tag_6,3,,,,,,,,
853,100569,2,13,,,6,,,10,2010,7,1,,50,1,3,10,song_tag_6,3,,,,,,,,
854,100554,16,13,,,6,,,4,2004,6,1,,50,3,3,,song_tag_6,1,,,,,,,,
855,100534,2,13,,,10,,,9,2009,6,1,,50,1,9,,song_tag_22,1,,,,,,,,
856,100535,2,13,,,12,,,9,2009,6,,,50,3,9,,song_tag_22,1,,,,,,,,
857,100536,2,13,,,12,,,9,2009,6,,,50,3,9,,song_tag_22,2,,,,,,,,
858,100537,2,13,,,15,,,9,2009,6,1,,50,3,9,10,song_tag_22,2,,,,,,,,
859,100538,2,13,,,15,,,10,2010,6,1,,50,3,9,10,song_tag_22,2,,,,,,,,
860,100557,2,13,,,6,,,4,2004,6,1,,50,1,3,10,song_tag_6,3,,,,,,,,
861,100558,2,13,,,6,,,6,2006,6,1,,50,1,3,10,song_tag_6,3,,,,,,,,
862,100559,2,13,,,10,,,7,2007,6,1,,50,1,3,10,song_tag_6,3,,,,,,,,
863,100560,2,13,,,14,,,9,2009,6,1,,50,1,3,10,song_tag_6,3,,,,,,,,
864,100561,2,13,,,14,,,7,2007,6,1,,50,1,3,10,song_tag_6,3,,,,,,,,
865,100531,2,13,,,6,,,4,2004,5,,,50,3,45,,song_tag_17,1,,,,,,,,
866,100532,2,13,,,6,,,5,2005,5,,,50,2,45,,song_tag_17,1,,,,,,,,
867,100533,2,13,,,6,,,4,2004,5,,,50,1,48,,song_tag_15,1,,,,,,,,
868,100506,2,13,,,6,,,4,2004,4,,,54,1,33,,song_tag_15,1,,,,,,,,
869,100507,2,13,,,6,,,4,2004,4,,,72,1,9,,song_tag_22,1,,,,,,,,
870,100508,2,13,,,8,,,5,2005,4,,,60,1,33,,song_tag_15,1,,,,,,,,
871,100509,2,13,,,11,,,8,2008,4,,,76,2,34,10,song_tag_4,3,,,,,,,,
872,100510,2,13,,,8,,,4,2004,4,,,81,1,7,,song_tag_5,1,,,,,,,,
873,100511,2,13,,,6,,,5,2005,4,1,,98,5,7,,song_tag_5,1,,,,,,,,
874,100512,2,13,,,6,,,4,2004,4,,,61,3,7,,song_tag_5,1,,,,,,,,
875,100514,2,13,,,7,,,6,2006,4,,,44,1,7,,song_tag_5,1,,,,,,,,
876,100486,2,13,,,6,,,5,2005,3,1,,104,1,4,,song_tag_3,1,,,,,,,,
877,100487,2,13,,,6,,,4,2004,3,1,,120,1,4,,song_tag_3,1,1,,,,,,,
878,100488,2,13,,,6,,,4,2004,3,,,69,1,1,,song_tag_1,1,,,,,,,,
879,100489,2,13,,,8,,,5,2005,3,,,62,1,1,,song_tag_1,1,,,,,,,,
880,100458,2,13,,,1,,,4,2004,2,1,,118,3,46,,song_tag_11,1,1,,,,,,,
881,100459,2,13,,,1,,,7,2007,2,1,,74,2,45,,song_tag_17,2,,,,,,,,
882,100460,2,13,,,1,,,4,2004,2,1,,79,3,10,,song_tag_23,1,,,,,,,,
883,100462,2,13,,,1,,,7,2007,2,1,,87,2,1,10,song_tag_1,2,,,,,,,,
884,100463,2,13,,,12,,,6,2006,2,,,96,2,7,,song_tag_5,1,,,,,,,,
885,100465,2,13,,,8,,,4,2004,2,,,86,3,9,,song_tag_22,1,,,,,,,,
886,100467,2,13,,,6,,,4,2004,2,,,60,1,36,,song_tag_8,1,,,,,,,,
887,100468,2,13,,,6,,,5,2005,2,,,83,1,1,,song_tag_1,1,,,,,,,,
888,100469,2,13,,,10,,,4,2004,2,,,92,2,2,,song_tag_2,1,,,,,,,,
889,100442,2,13,,,15,,,3,2003,2,1,,124,1,2,,song_tag_2,1,,,,,,,,
890,190000,2,14,,,,,,1,1,,,,0,,45,,song_tag_17,1,,,,,0,,,
891,100323,2,2,,500,,,,5,2005,,1,,91,1,1,,song_tag_1,1,,,,,,,,
892,100257,2,13,,,6,,,5,2005,,1,,60,2,7,,song_tag_5,1,,,,,,,,
893,100413,2,13,,,8,,,4,2004,,,,40,1,1,,song_tag_1,1,,,,,,,,
894,100407,2,13,,,6,,,5,2005,,,,54,1,7,,song_tag_5,1,,,,,,,,
895,100398,2,13,,,11,,,8,2008,,,,62,1,45,10,song_tag_17,3,,,,,,,,
896,100403,16,13,,,12,,,5,2005,,,,74,2,46,,song_tag_11,1,,,,,,,,
897,100399,2,13,,,12,,,5,2005,,,,24,3,6,,song_tag_4,1,,,,,,,,
898,100400,2,13,,,7,,,8,2008,,,,19,1,14,10,song_tag_5,3,,,,,,,,
899,100401,2,13,,,9,,,7,2007,,,,15,1,7,10,song_tag_5,2,,,,,,,,
900,100402,2,13,,,11,,,6,2006,,,,24,2,49,,song_tag_17,1,,,,,,,,
901,100390,2,13,,,7,,,6,2006,,,,22,1,19,,song_tag_10,1,,,,,,,,
902,100392,2,13,,,12,,,7,2007,,,,32,2,46,10,song_tag_11,2,,,,,,,,
903,100374,2,13,,,8,,,5,2005,,,,20,1,9,,song_tag_22,1,,,,,,,,
904,100394,2,13,,,8,,,5,2005,,,,42,1,48,,song_tag_15,1,,,,,,,,
905,100376,16,13,,,10,,,5,2005,,1,,80,1,49,,song_tag_17,1,,,,,,,,
906,100378,16,13,,,10,,,7,2007,,,,65,2,50,,song_tag_4,2,,,,,,,,
907,100377,16,13,,,10,,,6,2006,,,,9,2,46,,song_tag_11,1,,,,,,,,
908,100380,16,13,,,10,,,5,2005,,,,21,1,45,,song_tag_17,1,,,,,,,,
909,100381,16,13,,,10,,,7,2007,,,,70,1,50,,song_tag_4,1,,,,,,,,
910,100386,2,13,,,8,,,4,2004,,1,,72,1,9,,song_tag_22,1,,,,,,,,
911,100373,2,13,,,11,,,6,2006,,,,16,1,1,,song_tag_1,1,,,,,,,,
912,100363,2,13,,,7,,,6,2006,,,,47,1,1,,song_tag_1,1,,,,,,,,
913,100356,2,13,,,6,,,6,2006,,1,,40,1,29,,song_tag_4,1,,,,,,,,
914,100368,2,13,,,11,,,6,2006,,1,,35,3,1,,song_tag_1,1,,,,,,,,
915,100336,2,13,,,6,,,6,2006,,1,,30,1,4,,song_tag_3,1,,,,,,,,
916,100338,2,13,,,12,,,9,2009,,1,,66,2,2,10,song_tag_2,3,,,,,,,,
917,100341,2,13,,,6,,,6,2006,,1,,44,3,1,,song_tag_1,1,,,,,,,,
918,100327,2,13,,,7,,,6,2006,,,,47,1,27,,song_tag_26,1,,,,,,,,
919,100330,2,13,,,10,,,9,2009,,1,,97,3,7,,song_tag_5,2,,,,,,,,
920,100318,2,13,,,12,,,7,2007,,1,,38,2,1,,song_tag_1,2,,,,,,,,
921,100321,2,13,,,12,,,9,2009,,,,10,1,24,10,song_tag_1,3,,,,,,,,
922,100311,2,13,,,9,,,6,2006,,1,,30,1,1,,song_tag_1,1,,,,,,,,
923,100313,2,13,,,10,,,5,2005,,1,,27,3,37,,song_tag_5,1,,,,,,,,
924,100300,2,13,,,9,,,7,2007,,,,11,1,,,,2,,,,,,,,
925,100301,2,13,,,7,,,3,2003,,,,11,3,,,,1,,,,,,,,
926,100302,2,13,,,9,,,6,2006,,,,21,2,,,,1,,,,,,,,
927,100303,2,13,,,6,,,4,2004,,,,19,3,,,,1,,,,,,,,
928,100304,2,13,,,9,,,7,2007,,1,,31,1,,,,1,,,,,,,,
929,100305,2,13,,,7,,,6,2006,,,,17,1,,,,1,,,,,,,,
930,100291,2,13,,,7,,,8,2008,,,,9,1,9,10,song_tag_22,3,,,,,,,,
931,100292,2,2,,2000,,,,8,2008,,1,,62,1,9,10,song_tag_22,2,,,,,,,,
932,100293,2,13,,,9,,,8,2008,,,,7,1,3,10,song_tag_6,3,,,,,,,,
933,100294,2,2,,2000,,,,6,2006,,,,70,1,39,10,song_tag_10,2,,,,,,,,
934,100295,2,13,,,7,,,7,2007,,,,10,1,7,10,song_tag_5,2,,,,,,,,
935,100296,2,13,,,9,,,8,2008,,,,11,1,2,10,song_tag_2,2,,,,,,,,
936,100282,2,13,,,6,,,4,2004,,,,43,1,9,,song_tag_22,1,,,,,,,,
937,100283,2,13,,,8,,,4,2004,,1,,41,3,7,,song_tag_5,1,,,,,,,,
938,100284,2,13,,,8,,,4,2004,,1,,30,1,1,,song_tag_1,1,,,,,,,,
939,100285,2,13,,,9,,,6,2006,,,,10,1,2,10,song_tag_2,2,,,,,,,,
940,100286,2,2,,3000,,,,8,2008,,,,49,1,40,10,song_tag_10,3,,,,,,,,
941,100287,2,2,,3000,,,,9,2009,,,,52,1,29,10,song_tag_4,3,,,,,,,,
942,100270,2,2,,3000,,,,2,2002,,,,76,3,7,,song_tag_5,1,,,,,,,,
943,100271,2,2,,3000,,,,7,2007,,,,52,3,,,,2,,,,,,,,
944,100272,2,13,,,8,,,3,2003,,,,14,3,9,,song_tag_22,1,,,,,,,,
945,100273,2,13,,,8,,,4,2004,,1,,42,1,4,,song_tag_3,1,,,,,,,,
946,100274,2,13,,,7,,,6,2006,,,,7,1,1,,song_tag_1,2,,,,,,,,
947,100275,2,13,,,7,,,8,2008,,,,28,1,9,10,song_tag_22,2,,,,,,,,
948,100249,2,13,,,10,,,2,2002,,,,17,1,32,,song_tag_13,1,,,,,,,,
949,100250,2,13,,,10,,,7,2007,,,,12,1,32,10,song_tag_13,2,,,,,,,,
950,100251,2,13,,,10,,,8,2008,,,,18,1,32,,song_tag_13,1,,,,,,,,
951,100255,2,2,,5000,,,,6,2006,,1,,76,1,7,,song_tag_5,1,,,,,,,,
952,100256,2,2,,5000,,,,8,2008,,,,33,1,15,10,song_tag_24,3,,,,,,,,
953,100258,2,13,,,9,,,6,2006,,1,,33,3,7,,song_tag_5,1,,,,,,,,
954,100259,2,13,,,8,,,4,39,,,,25,1,1,,song_tag_1,1,,,,,,,,
955,100260,2,13,,,10,,,9,2009,,,,11,1,23,10,song_tag_4,3,,,,,,,,
956,100243,2,2,,5000,,,,6,2006,,1,,41,1,,,,1,,,,,,,,
957,100244,2,2,,5000,,,,5,2005,,,,38,1,1,,song_tag_1,1,,,,,,,,
958,100245,2,13,,,6,,,3,2003,,,,27,3,7,,song_tag_5,1,,,,,,,,
959,100246,2,13,,,6,,,2,2002,,1,,20,1,1,10,song_tag_1,2,1,,,,,,,
960,100247,2,13,,,8,,,4,2004,,,,33,1,,,,1,,,,,,,,
961,100248,2,13,,,11,,,7,2007,,1,,16,3,41,10,song_tag_9,2,,,,,,,,
962,100187,2,13,,,10,,,2,2002,,1,,36,1,1,,song_tag_1,1,,,,,,,,
963,100188,2,13,,,10,,,3,2003,,,,52,1,,,,1,,,,,,,,
964,100191,2,13,,,10,,,5,2005,,,,22,2,,,,1,,,,,,,,
965,100192,2,13,,,10,,,5,2005,,1,,27,3,9,,song_tag_22,1,,,,,,,,
966,100193,2,13,,,10,,,6,2006,,,,18,2,47,,song_tag_16,1,,,,,,,,
967,100194,2,13,,,10,,,6,2006,,1,,33,1,10,,song_tag_23,1,,,,,,,,
968,100236,2,13,,,10,,,9,2009,,,,5,2,15,10,song_tag_24,2,,,,,,,,
969,100237,2,13,,,10,,,6,2006,,,,11,1,2,,song_tag_2,1,,,,,,,,
970,100238,2,13,,,10,,,6,2006,,1,,55,3,27,,song_tag_26,1,1,,,,,,,
971,100239,2,13,,,10,,,1,2001,,,,4,1,3,,song_tag_6,1,,,,,,,,
972,100225,2,2,,5000,,,,5,2004,,,,20,1,3,,song_tag_6,2,,,,,,,,
973,100226,2,2,,5000,,,,1,2001,,,,29,3,7,,song_tag_5,1,,,,,,,,
974,100227,2,13,,,6,,,3,2003,,,,24,1,9,,song_tag_22,1,,,,,,,,
975,100228,2,13,,,8,,,3,2003,,,,40,1,9,,song_tag_22,1,,,,,,,,
976,100229,2,13,,,8,,,3,2003,,,,11,1,26,,song_tag_18,1,,,,,,,,
977,100230,2,13,,,10,,,3,2003,,1,,39,1,2,,song_tag_2,1,,,,,,,,
978,100213,2,2,,5000,,,,4,2004,,,,47,3,4,,song_tag_3,1,,,,,,,,
979,100214,2,2,,5000,,,,2,2002,,1,,79,1,48,,song_tag_15,1,,,,,,,,
980,100215,2,13,,,11,,,6,2006,,,,10,2,7,,song_tag_5,1,,,,,,,,
981,100216,2,13,,,13,,,8,38,,,,2,1,3,10,song_tag_6,2,,,,,,,,
982,100217,2,13,,,13,,,7,2007,,,,12,1,15,10,song_tag_24,2,,,,,,,,
983,100218,2,13,,,15,,,7,2007,,,,10,2,15,10,song_tag_24,2,,,,,,,,
984,100204,2,2,,5000,,,,1,2001,,,,46,1,1,,song_tag_1,1,,,,,,,,
985,100205,2,2,,5000,,,,3,2003,,,,31,3,1,,song_tag_1,1,,,,,,,,
986,100206,2,13,,,8,,,4,2004,,,,23,1,4,,song_tag_3,1,,,,,,,,
987,100207,2,13,,,13,,,6,2006,,,,2,1,3,,song_tag_6,1,,,,,,,,
988,100208,2,13,,,12,,,4,2004,,,,3,3,42,,song_tag_15,1,,,,,,,,
989,100209,2,13,,,9,,,7,2007,,1,,40,1,27,,song_tag_26,2,,,,,,,,
990,100195,2,2,,5000,,,,3,2003,,,,21,1,4,,song_tag_3,1,,,,,,,,
991,100196,2,2,,5000,,,,5,2005,,,,59,1,1,,song_tag_1,1,,,,,,,,
992,100197,2,13,,,8,,,4,2004,,,,16,2,27,,song_tag_3,1,,,,,,,,
993,100198,2,13,,,8,,,4,2004,,1,,31,1,7,,song_tag_5,1,,,,,,,,
994,100199,2,13,,,11,,,6,2006,,,,2,1,2,,song_tag_2,1,,,,,,,,
995,100200,2,13,,,11,,,8,2008,,,,24,2,7,10,song_tag_5,2,,,,,,,,
996,100175,2,13,,,10,,,3,2003,,1,,36,2,1,,song_tag_1,1,,,,,,,,
997,100177,2,13,,,10,,,5,2005,,1,,32,1,29,,song_tag_4,1,,,,,,,,
998,100183,2,2,,5000,,,,6,2006,,1,,33,3,3,,song_tag_6,1,,,,,,,,
999,100181,2,13,,,8,,,3,2003,,,,6,3,4,,song_tag_3,1,,,,,,,,
1000,100169,2,13,,,10,,,4,2004,,,,4,3,4,,song_tag_3,1,,,,,,,,
1001,100170,2,13,,,11,,,8,2008,,,,13,3,7,10,song_tag_5,2,,,,,,,,
1002,100171,2,13,,,8,,,4,2004,,,,6,3,27,,song_tag_26,1,,,,,,,,
1003,100172,2,13,,,11,,,7,2007,,,,12,1,9,10,song_tag_22,2,,,,,,,,
1004,100173,2,13,,,9,,,8,2008,,,,5,1,7,10,song_tag_5,2,,,,,,,,
1005,100174,2,13,,,11,,,8,2008,,,,9,3,4,,song_tag_3,1,1,,,,,,,
1006,100161,2,13,,,6,,,2,2002,,,,28,1,1,,song_tag_1,1,,,,,,,,
1007,100162,2,13,,,8,,,5,2005,,,,39,2,27,,song_tag_26,1,1,,,,,,,
1008,100164,2,13,,,13,,,6,2006,,,,46,1,9,,song_tag_22,1,,,,,,,,
1009,100165,2,13,,,13,,,7,2007,,,,28,3,7,,song_tag_5,2,,,,,,,,
1010,100098,2,13,,,8,,,2,2002,,,,9,1,4,,song_tag_3,1,,,,,,,,
1011,100086,2,13,,,8,,,3,2003,,,,53,1,1,,song_tag_1,1,,,,,,,,
1012,100101,2,13,,,10,,,3,2003,,1,,39,3,6,,song_tag_4,1,,,,,,,,
1013,100099,2,13,,,6,,,4,2004,,,,20,3,1,,song_tag_1,1,,,,,,,,
1014,100097,2,13,,,8,,,4,2004,,,,55,3,9,,song_tag_6,1,,,,,,,,
1015,100091,2,13,,,13,,,7,2007,,,,21,1,24,10,song_tag_1,2,,,,,,,,
1016,100093,2,13,,,15,,,9,2009,,,,8,2,2,10,song_tag_2,3,,,,,,,,
1017,100075,2,13,,,15,,,3,2003,,,,13,1,19,10,song_tag_10,2,,,,,,,,
1018,100077,2,13,,,15,,,2,2002,,,,11,2,24,,song_tag_1,1,,,,,,,,
1019,100094,2,13,,,7,,,9,2009,,1,,89,1,19,10,song_tag_10,3,1,,,,,,,
1020,100100,2,13,,,11,,,8,2008,,,,72,1,27,10,song_tag_26,2,,,,,,,,
1021,100095,2,13,,,13,,,8,2008,,,,6,1,9,10,song_tag_22,2,,,,,,,,
1022,100092,2,13,,,15,,,8,2008,,,,32,1,3,10,song_tag_6,2,,,,,,,,
1023,100076,2,13,,,15,,,3,2003,,1,,51,3,10,10,song_tag_23,2,1,,,,,,,
1024,100078,2,13,,,15,,,9,2009,,,,41,2,5,10,song_tag_17,3,,,,,,,,
1025,100079,2,13,,,20,,,10,2010,,1,,50,2,2,10,song_tag_2,3,,,,,,,,
1026,100107,2,13,,,8,,,4,2004,,,,46,1,7,,song_tag_5,1,,,,,,,,
1027,100108,2,13,,,7,,,5,2005,,,,11,1,4,,song_tag_3,1,,,,,,,,
1028,100109,2,13,,,15,,,8,2008,,,,8,1,7,10,song_tag_5,2,,,,,,,,
1029,100110,2,13,,,13,,,8,2008,,,,4,1,14,10,song_tag_5,2,,,,,,,,
1030,100111,2,13,,,13,,,8,2008,,,,27,1,3,10,song_tag_6,3,,,,,,,,
1031,100115,2,13,,,8,,,4,2004,,,,7,1,34,,song_tag_4,1,,,,,,,,
1032,100117,2,13,,,13,,,6,2006,,1,,30,2,23,,song_tag_4,1,1,,,,,,,
1033,100119,2,13,,,9,,,7,2007,,,,4,1,2,10,song_tag_2,2,,,,,,,,
1034,100118,2,13,,,7,,,8,2008,,,,22,1,3,10,song_tag_6,3,,,,,,,,
1035,100116,2,13,,,16,,,9,2009,,,,8,1,2,10,song_tag_2,3,,,,,,,,
1036,100123,2,13,,,9,,,6,2006,,,,4,1,2,,song_tag_2,1,,,,,,,,
1037,100124,2,13,,,11,,,6,2006,,,,54,3,10,,song_tag_23,1,,,,,,,,
1038,100125,2,13,,,15,,,6,2006,,,,6,1,2,10,song_tag_2,2,,,,,,,,
1039,100126,2,13,,,9,,,6,2006,,1,,36,1,2,10,song_tag_2,2,,,,,,,,
1040,100127,2,13,,,13,,,7,2007,,,,5,1,3,10,song_tag_6,2,1,,,,,,,
1041,100128,2,13,,,15,,,7,2007,,,,3,1,2,10,song_tag_2,2,,,,,,,,
1042,100141,2,13,,,14,,,5,2004,,1,,15,3,7,,song_tag_5,1,,,,,,,,
1043,100142,2,13,,,12,,,5,2004,,1,,30,2,2,,song_tag_2,1,,,,,,,,
1044,100143,2,13,,,19,,,6,2006,,,,5,2,32,10,song_tag_13,2,,,,,,,,
1045,100144,2,13,,,9,,,7,2007,,,,6,1,2,10,song_tag_2,2,,,,,,,,
1046,100133,2,13,,,10,,,6,2006,,1,,25,1,27,,song_tag_26,1,,,,,,,,
1047,100137,2,13,,,10,,,5,2005,,,,50,3,2,,song_tag_2,1,,,,,,,,
1048,100136,2,13,,,10,,,6,2006,,,,46,1,26,10,song_tag_18,2,,,,,,,,
1049,100134,2,13,,,10,,,8,2008,,,,48,2,42,10,song_tag_15,2,,,,,,,,
1050,100138,2,13,,,10,,,9,2009,,1,,56,1,3,10,song_tag_6,3,,,,,,,,
1051,100135,2,13,,,20,,,9,2009,,1,,77,2,43,10,song_tag_4,3,,,,,,,,
1052,100151,2,13,,,6,,,4,2004,,,,25,1,9,,song_tag_22,1,,,,,,,,
1053,100153,2,13,,,6,,,6,2006,,,,44,1,27,,song_tag_26,1,,,,,,,,
1054,100154,2,13,,,11,,,7,2007,,,,38,1,27,,song_tag_26,1,,,,,,,,
1055,100155,2,13,,,15,,,8,2008,,,,27,1,2,10,song_tag_2,2,,,,,,,,
1056,100156,2,13,,,15,,,10,2010,,1,,41,2,4,10,song_tag_3,3,,,,,,,,
1057,100056,2,2,,20000,,,,10,46,,1,,116,1,23,10,song_tag_4,3,,,,,,,,
1058,100562,2,13,,,1,,,6,2006,,,,,1,,,,1,,,,,,,,
1059,100391,2,14,,,,,,7,2007,,,,7,2,,,,2,,,,9,8,,,
1060,100393,2,14,,,,,,4,2004,,,,7,3,,,,1,,,,9,8,,,
1061,100372,2,14,,,,,,7,2007,,,,9,2,,,,2,,,,8,8,,,
1062,100364,2,14,,,,,,6,2006,,,,7,2,,,,1,,,,8,8,,,
1063,100354,2,14,,,,,,4,2004,,,,15,3,,,,1,,,,6,8,,,
1064,100355,2,14,,,,,,8,2008,,,,9,2,,,,2,,,,6,8,,,
1065,100365,2,14,,,,,,5,2005,,,,9,1,,,,1,,,,7,8,,,
1066,100366,2,14,,,,,,7,2007,,,,9,2,,,,2,,,,7,8,,,
1067,100337,2,14,,,,,,5,2005,,,,9,1,,,,1,,,,4,8,,,
1068,100340,2,14,,,,,,5,2005,,,,7,1,,,,1,,,,4,8,,,
1069,100348,2,14,,,,,,5,2005,,,,10,1,,,,1,,,,5,8,,,
1070,100349,2,14,,,,,,5,2005,,,,8,1,,,,1,,,,5,8,,,
1071,100328,2,14,,,,,,5,2005,,,,13,1,,,,1,,,,3,8,,,
1072,100322,2,14,,,,,,4,2004,,,,16,1,,,,1,,,,2,8,,,
1073,100310,2,14,,,,,,6,2006,,1,,16,1,,,,1,,,,1,8,,,
1900,,,,,,,,,,,,,,,,,,,,,,,,,,,
1901,200001,3,1,3,,,,,8,,,,,0,,,,,,,,,,,,,
1902,200002,3,1,10,,,,,10,,,,,0,,,,,,,,,,,,,
1903,200003,3,1,30,,,,,1,,,,,0,,,,,,,,,,,,,
1904,200004,3,13,,,1,,,1,,,,,0,,,,,,,,,,,,,
1905,200005,3,1,12,,,,,1,,,,,0,,,,,,,,,,,,,
1906,200006,3,1,8,,,,,1,,,,,0,,,,,,,,,,,,,
1907,200007,3,1,1,,,,,1,,,,,0,,,,,,,,,,,,,
1908,200008,3,13,,,1,,,1,,,,,0,,,,,,,,,,,,,
1910,200009,3,13,,,1,,,1,,,,,0,,,,,,,,,,,,,
2901,300001,10,1,3,,,,,1,1,,,,0,,,,,,,,,,,,,
2902,300002,10,1,3,,,,,1,1,,,,0,,,,,,,,,,,,,
2903,300003,10,1,3,,,,,1,1,,,,0,,,,,,,,,,,,,
2904,300004,10,1,3,,,,,1,1,,,,0,,,,,,,,,,,,,
2905,300005,10,1,3,,,,,1,1,,,,0,,,,,,,,,,,,,
2906,300006,10,1,3,,,,,1,1,,,,0,,,,,,,,,,,,,
3901,300007,3,1,1,,,,,1,,,,,0,,,,,,,,,,,,,
3902,300008,3,1,1,,,,,1,,,,,0,,,,,,,,,,,,,
3903,300009,3,1,1,,,,,1,,,,,0,,,,,,,,,,,,,
3904,300010,3,1,1,,,,,1,,,,,0,,,,,,,,,,,,,
3905,300011,3,1,1,,,,,1,,,,,0,,,,,,,,,,,,,
3906,300012,3,1,1,,,,,1,,,,,0,,,,,,,,,,,,,
3907,300013,3,1,1,,,,,1,,,,,0,,,,,,,,,,,,,
3908,300014,3,1,1,,,,,1,,,,,0,,,,,,,,,,,,,
3909,300015,3,1,1,,,,,1,,,,,0,,,,,,,,,,,,,
3910,300016,3,1,1,,,,,1,,,,,0,,,,,,,,,,,,,
4001,400001,1,1,1,,,,,1,1,,,,0,1,1,,song_tag_1,1,,,,,,,,